{
"_schema": "tech_val_panel_v2",
"current_pe": -261.1270092530632,
"historical_avg_pe": null,
"historical_pe_years_used": 0,
"historical_pe_label": null,
"eps_growth": 0.8577777777777778,
"historical_avg_eps_growth": -0.21005156110189666,
"historical_eps_growth_years_used": 5,
"eps_ttm": -0.5703737825743617,
"ebitda_latest": -15511000.0,
"free_cash_flow_latest": -353576000.0
}