{
"_schema": "tech_val_panel_v2",
"current_pe": 35.202511146318585,
"historical_avg_pe": 29.905810022994434,
"historical_pe_years_used": 5,
"historical_pe_label": "5-year average annual PE",
"eps_growth": 0.22585924713584285,
"historical_avg_eps_growth": 0.17963591314529856,
"historical_eps_growth_years_used": 5,
"eps_ttm": 8.332360120015895,
"ebitda_latest": 144427000000.0,
"free_cash_flow_latest": 98767000000.0
}