{
"_schema": "tech_val_panel_v2",
"current_pe": 14.393229744728078,
"historical_avg_pe": 41.38390785710534,
"historical_pe_years_used": 5,
"historical_pe_label": "5-year average annual PE",
"eps_growth": 0.34485530546623805,
"historical_avg_eps_growth": 0.18967730298843835,
"historical_eps_growth_years_used": 5,
"eps_ttm": 17.58048780487805,
"ebitda_latest": 9749000000.0,
"free_cash_flow_latest": 9852000000.0
}