{
"_schema": "tech_val_panel_v2",
"current_pe": 75.22605538832563,
"historical_avg_pe": 44.151393084733364,
"historical_pe_years_used": 5,
"historical_pe_label": "5-year average annual PE",
"eps_growth": 0.39090909090909093,
"historical_avg_eps_growth": 0.042697281069358516,
"historical_eps_growth_years_used": 5,
"eps_ttm": 5.536911351391156,
"ebitda_latest": 5028673000.0,
"free_cash_flow_latest": 4278650000.0
}