{
"_schema": "tech_val_panel_v2",
"current_pe": 46.11565836298932,
"historical_avg_pe": 67.10327702716602,
"historical_pe_years_used": 5,
"historical_pe_label": "5-year average annual PE",
"eps_growth": 0.021276595744680913,
"historical_avg_eps_growth": 1.0104161549089827,
"historical_eps_growth_years_used": 5,
"eps_ttm": 5.30188679245283,
"ebitda_latest": 1798000000.0,
"free_cash_flow_latest": 2409000000.0
}