{
"_schema": "tech_val_panel_v2",
"current_pe": 44.04948590381426,
"historical_avg_pe": 19.466991361961423,
"historical_pe_years_used": 5,
"historical_pe_label": "5-year average annual PE",
"eps_growth": 0.003456221198156813,
"historical_avg_eps_growth": 0.26311709592997334,
"historical_eps_growth_years_used": 5,
"eps_ttm": 9.885245901639344,
"ebitda_latest": 9650000000.0,
"free_cash_flow_latest": 5698000000.0
}