{
"_schema": "tech_val_panel_v2",
"current_pe": 148.72093149038463,
"historical_avg_pe": 123.07609964703843,
"historical_pe_years_used": 5,
"historical_pe_label": "5-year average annual PE",
"eps_growth": 1.6435643564356435,
"historical_avg_eps_growth": 1.1743821956903455,
"historical_eps_growth_years_used": 5,
"eps_ttm": 3.0606989576946657,
"ebitda_latest": 7275000000.0,
"free_cash_flow_latest": 6735000000.0
}