{
"_schema": "tech_val_panel_v2",
"current_pe": 43.48549131198437,
"historical_avg_pe": 16.752029302859135,
"historical_pe_years_used": 5,
"historical_pe_label": "5-year average annual PE",
"eps_growth": 0.048611111111111154,
"historical_avg_eps_growth": 0.4648150780609531,
"historical_eps_growth_years_used": 5,
"eps_ttm": 1.761737022823672,
"ebitda_latest": 1162071000.0,
"free_cash_flow_latest": 190992000.0
}