{
"_schema": "tech_val_panel_v2",
"current_pe": 47.92477597097165,
"historical_avg_pe": 42.088045773381175,
"historical_pe_years_used": 5,
"historical_pe_label": "5-year average annual PE",
"eps_growth": 0.2290748898678414,
"historical_avg_eps_growth": 0.308708404193354,
"historical_eps_growth_years_used": 5,
"eps_ttm": 2.9581776258249186,
"ebitda_latest": 3928700000.0,
"free_cash_flow_latest": 4252400000.0
}