{
"_schema": "tech_val_panel_v2",
"current_pe": -60.159986136237976,
"historical_avg_pe": null,
"historical_pe_years_used": 0,
"historical_pe_label": null,
"eps_growth": 0.11450381679389322,
"historical_avg_eps_growth": -1.4172345767575323,
"historical_eps_growth_years_used": 5,
"eps_ttm": -0.6856717005649815,
"ebitda_latest": -91824000.0,
"free_cash_flow_latest": -797005000.0
}