{
"_schema": "tech_val_panel_v2",
"current_pe": -56.18381449845002,
"historical_avg_pe": null,
"historical_pe_years_used": 0,
"historical_pe_label": null,
"eps_growth": 0.3092783505154639,
"historical_avg_eps_growth": -1.1425426616954375,
"historical_eps_growth_years_used": 5,
"eps_ttm": -1.3357939589892112,
"ebitda_latest": -369931000.0,
"free_cash_flow_latest": -1136258000.0
}