{
"_schema": "tech_val_panel_v2",
"current_pe": 81.63663302899246,
"historical_avg_pe": 55.94879273827674,
"historical_pe_years_used": 5,
"historical_pe_label": "5-year average annual PE",
"eps_growth": 2.866141732283465,
"historical_avg_eps_growth": 0.34129131796542855,
"historical_eps_growth_years_used": 5,
"eps_ttm": 5.2672431976376295,
"ebitda_latest": 34714000000.0,
"free_cash_flow_latest": 26914000000.0
}