{
"_schema": "tech_val_panel_v2",
"current_pe": 15.799045888232621,
"historical_avg_pe": 32.589508948595956,
"historical_pe_years_used": 5,
"historical_pe_label": "5-year average annual PE",
"eps_growth": 0.20910623946037105,
"historical_avg_eps_growth": 0.07714158005464505,
"historical_eps_growth_years_used": 5,
"eps_ttm": 9.462596732588134,
"ebitda_latest": 1692600000.0,
"free_cash_flow_latest": 1056400000.0
}