{
"_schema": "tech_val_panel_v2",
"current_pe": 84.2691178844188,
"historical_avg_pe": 69.74237503250995,
"historical_pe_years_used": 5,
"historical_pe_label": "5-year average annual PE",
"eps_growth": 0.05141388174807191,
"historical_avg_eps_growth": 0.04917866623037494,
"historical_eps_growth_years_used": 5,
"eps_ttm": 4.304067837727568,
"ebitda_latest": 1872428000.0,
"free_cash_flow_latest": 1586910000.0
}