{
"_schema": "tech_val_panel_v2",
"current_pe": 12.550283167765297,
"historical_avg_pe": 23.286413529850243,
"historical_pe_years_used": 5,
"historical_pe_label": "5-year average annual PE",
"eps_growth": 0.008684863523573236,
"historical_avg_eps_growth": 0.10237120053155946,
"historical_eps_growth_years_used": 5,
"eps_ttm": 8.349612403100775,
"ebitda_latest": 1950800000.0,
"free_cash_flow_latest": 1088100000.0
}