{
"_schema": "tech_val_panel_v2",
"current_pe": 76.70183200858688,
"historical_avg_pe": 52.23259616884128,
"historical_pe_years_used": 5,
"historical_pe_label": "5-year average annual PE",
"eps_growth": 0.09677419354838718,
"historical_avg_eps_growth": -0.06650147913976634,
"historical_eps_growth_years_used": 5,
"eps_ttm": 0.8560421345952893,
"ebitda_latest": 193359000.0,
"free_cash_flow_latest": 236771000.0
}