{
"_schema": "tech_val_panel_v2",
"current_pe": 339.02803487463376,
"historical_avg_pe": 83.56219575121983,
"historical_pe_years_used": 5,
"historical_pe_label": "5-year average annual PE",
"eps_growth": 0.5000000000000001,
"historical_avg_eps_growth": 0.031513277581591705,
"historical_eps_growth_years_used": 5,
"eps_ttm": 1.6167099579321833,
"ebitda_latest": 387486000.0,
"free_cash_flow_latest": 665292000.0
}