{
"_schema": "tech_val_panel_v2",
"current_pe": 0.27197935848511473,
"historical_avg_pe": 109.86657099454254,
"historical_pe_years_used": 3,
"historical_pe_label": "3-year average annual PE (longest available, up to 5y)",
"eps_growth": 0.717391304347826,
"historical_avg_eps_growth": -0.03382540912317718,
"historical_eps_growth_years_used": 5,
"eps_ttm": 1232.6670739549838,
"ebitda_latest": 1105545000.0,
"free_cash_flow_latest": 192764000.0
}