{
"_schema": "tech_val_panel_v2",
"current_pe": 97.91840669286123,
"historical_avg_pe": 138.1884952954027,
"historical_pe_years_used": 1,
"historical_pe_label": "1-year average annual PE (longest available, up to 5y)",
"eps_growth": 2.7222222222222223,
"historical_avg_eps_growth": -2.4105650769995033,
"historical_eps_growth_years_used": 5,
"eps_ttm": 1.9251232364439912,
"ebitda_latest": 59935000.0,
"free_cash_flow_latest": 29022000.0
}