{
"_schema": "tech_val_panel_v2",
"current_pe": 22.797599570873004,
"historical_avg_pe": 220.2446894849379,
"historical_pe_years_used": 5,
"historical_pe_label": "5-year average annual PE",
"eps_growth": 0.21894409937888185,
"historical_avg_eps_growth": 9.41923648830393,
"historical_eps_growth_years_used": 5,
"eps_ttm": 7.975401069518717,
"ebitda_latest": 13151000000.0,
"free_cash_flow_latest": 14402000000.0
}