{
"_schema": "tech_val_panel_v2",
"current_pe": -727.6500525143568,
"historical_avg_pe": 781.4134864038868,
"historical_pe_years_used": 1,
"historical_pe_label": "1-year average annual PE (longest available, up to 5y)",
"eps_growth": -7.259212198221093,
"historical_avg_eps_growth": -0.10338673574572063,
"historical_eps_growth_years_used": 5,
"eps_ttm": -0.7253074443907731,
"ebitda_latest": 119925000.0,
"free_cash_flow_latest": 1310241000.0
}