{
"_schema": "tech_val_panel_v2",
"current_pe": -37.77857254551266,
"historical_avg_pe": null,
"historical_pe_years_used": 0,
"historical_pe_label": null,
"eps_growth": -0.18025751072961368,
"historical_avg_eps_growth": -6.233589578007188,
"historical_eps_growth_years_used": 3,
"eps_ttm": -3.021554079696395,
"ebitda_latest": 2468000000.0,
"free_cash_flow_latest": -7251000000.0
}