{
"_schema": "tech_val_panel_v2",
"current_pe": 521.1864079072476,
"historical_avg_pe": 503.2036134888899,
"historical_pe_years_used": 3,
"historical_pe_label": "3-year average annual PE (longest available, up to 5y)",
"eps_growth": -0.4363636363636364,
"historical_avg_eps_growth": 0.7435070317112575,
"historical_eps_growth_years_used": 5,
"eps_ttm": 0.38404685341606465,
"ebitda_latest": 260609000.0,
"free_cash_flow_latest": 1000557000.0
}