{
"_schema": "tech_val_panel_v2",
"current_pe": 28.581994059531674,
"historical_avg_pe": 13.526610535208732,
"historical_pe_years_used": 5,
"historical_pe_label": "5-year average annual PE",
"eps_growth": 0.37634408602150554,
"historical_avg_eps_growth": 0.12163558606542213,
"historical_eps_growth_years_used": 5,
"eps_ttm": 9.107482125208492,
"ebitda_latest": 11852000000.0,
"free_cash_flow_latest": 8552000000.0
}