{
"_schema": "tech_val_panel_v2",
"current_pe": 85.85804536862005,
"historical_avg_pe": 59.054274204795966,
"historical_pe_years_used": 5,
"historical_pe_label": "5-year average annual PE",
"eps_growth": -0.2010309278350515,
"historical_avg_eps_growth": 0.09018311924643552,
"historical_eps_growth_years_used": 5,
"eps_ttm": 1.736703873933027,
"ebitda_latest": 844100000.0,
"free_cash_flow_latest": 396200000.0
}