{
"_schema": "tech_val_panel_v2",
"current_pe": 8.387308124298016,
"historical_avg_pe": 93.99651632532573,
"historical_pe_years_used": 3,
"historical_pe_label": "3-year average annual PE (longest available, up to 5y)",
"eps_growth": -0.4788732394366197,
"historical_avg_eps_growth": -7.827231339376949,
"historical_eps_growth_years_used": 5,
"eps_ttm": 5.186407766990291,
"ebitda_latest": 2900000000.0,
"free_cash_flow_latest": 2809000000.0
}