{
"_schema": "tech_val_panel_v2",
"current_pe": 43.11840163724737,
"historical_avg_pe": 50.94347964233736,
"historical_pe_years_used": 5,
"historical_pe_label": "5-year average annual PE",
"eps_growth": 0.0701754385964913,
"historical_avg_eps_growth": 0.42867717010574147,
"historical_eps_growth_years_used": 5,
"eps_ttm": 2.64550622631294,
"ebitda_latest": 2464599999.0,
"free_cash_flow_latest": 2225800000.0
}