{
"_schema": "tech_val_panel_v2",
"current_pe": 34.410755931579914,
"historical_avg_pe": 26.45376778477267,
"historical_pe_years_used": 5,
"historical_pe_label": "5-year average annual PE",
"eps_growth": -0.2677824267782427,
"historical_avg_eps_growth": 0.1729003570410516,
"historical_eps_growth_years_used": 5,
"eps_ttm": 1.7561369509043927,
"ebitda_latest": 1200400000.0,
"free_cash_flow_latest": 978100000.0
}