{
"_schema": "tech_val_panel_v2",
"current_pe": 13.978437558901277,
"historical_avg_pe": 30.589473837349395,
"historical_pe_years_used": 5,
"historical_pe_label": "5-year average annual PE",
"eps_growth": -0.045248868778280514,
"historical_avg_eps_growth": 0.04303190312550692,
"historical_eps_growth_years_used": 5,
"eps_ttm": 6.511457351114304,
"ebitda_latest": 1291900000.0,
"free_cash_flow_latest": 1575500000.0
}