{
"_schema": "tech_val_panel_v2",
"current_pe": 14.032230215827338,
"historical_avg_pe": 17.474148237974145,
"historical_pe_years_used": 5,
"historical_pe_label": "5-year average annual PE",
"eps_growth": 0.5288461538461539,
"historical_avg_eps_growth": 0.11724953906364885,
"historical_eps_growth_years_used": 5,
"eps_ttm": 1.6162790697674418,
"ebitda_latest": 2648000000.0,
"free_cash_flow_latest": 1523000000.0
}