{
"_schema": "tech_val_panel_v2",
"current_pe": 89.05334696880664,
"historical_avg_pe": 41.67321342366419,
"historical_pe_years_used": 5,
"historical_pe_label": "5-year average annual PE",
"eps_growth": 2.152542372881356,
"historical_avg_eps_growth": 0.06876239074542365,
"historical_eps_growth_years_used": 5,
"eps_ttm": 2.097843667408018,
"ebitda_latest": 3735000000.0,
"free_cash_flow_latest": 1413000000.0
}