{
"_schema": "tech_val_panel_v2",
"current_pe": -267.9544230769231,
"historical_avg_pe": 122.82469731426497,
"historical_pe_years_used": 5,
"historical_pe_label": "5-year average annual PE",
"eps_growth": -1.022871794871795,
"historical_avg_eps_growth": 2.1987141158564194,
"historical_eps_growth_years_used": 5,
"eps_ttm": -0.11694152923538231,
"ebitda_latest": 2627000000.0,
"free_cash_flow_latest": 627000000.0
}