{
"_schema": "tech_val_panel_v2",
"current_pe": 8.370538062973296,
"historical_avg_pe": 9.162243166886196,
"historical_pe_years_used": 5,
"historical_pe_label": "5-year average annual PE",
"eps_growth": -0.05653710247349828,
"historical_avg_eps_growth": 0.23314005901038004,
"historical_eps_growth_years_used": 5,
"eps_ttm": 2.7095032397408207,
"ebitda_latest": 4090000000.0,
"free_cash_flow_latest": 2800000000.0
}