{
"_schema": "tech_val_panel_v2",
"current_pe": 20.05112144318393,
"historical_avg_pe": 35.7088570745333,
"historical_pe_years_used": 5,
"historical_pe_label": "5-year average annual PE",
"eps_growth": 0.7396630934150075,
"historical_avg_eps_growth": 0.44216589286623664,
"historical_eps_growth_years_used": 5,
"eps_ttm": 11.458710708577517,
"ebitda_latest": 17284000000.0,
"free_cash_flow_latest": 11575000000.0
}