{
"_schema": "tech_val_panel_v2",
"current_pe": 25.47707142857143,
"historical_avg_pe": 61.69616260628866,
"historical_pe_years_used": 5,
"historical_pe_label": "5-year average annual PE",
"eps_growth": 0.3062381852551985,
"historical_avg_eps_growth": 0.12454090300539537,
"historical_eps_growth_years_used": 5,
"eps_ttm": 15.555555555555555,
"ebitda_latest": 5890000000.0,
"free_cash_flow_latest": 6083000000.0
}