{
"_schema": "tech_val_panel_v2",
"current_pe": 63.765062109940374,
"historical_avg_pe": null,
"historical_pe_years_used": 0,
"historical_pe_label": null,
"eps_growth": -0.16666666666666666,
"historical_avg_eps_growth": -1.4953442723786825,
"historical_eps_growth_years_used": 5,
"eps_ttm": 0.7722097081173226,
"ebitda_latest": -474689000.0,
"free_cash_flow_latest": -299604000.0
}