{
"_schema": "tech_val_panel_v2",
"current_pe": -1888.6513860655914,
"historical_avg_pe": null,
"historical_pe_years_used": 0,
"historical_pe_label": null,
"eps_growth": 0.9432142857142857,
"historical_avg_eps_growth": 0.014153439153439144,
"historical_eps_growth_years_used": 5,
"eps_ttm": -0.015746685820062268,
"ebitda_latest": -28528000.0,
"free_cash_flow_latest": 207444000.0
}