{
"_schema": "tech_val_panel_v2",
"current_pe": 64.68851774530272,
"historical_avg_pe": 33.109001929011825,
"historical_pe_years_used": 5,
"historical_pe_label": "5-year average annual PE",
"eps_growth": 0.38810198300283305,
"historical_avg_eps_growth": 0.05901343939306303,
"historical_eps_growth_years_used": 5,
"eps_ttm": 5.569767441860465,
"ebitda_latest": 1425000000.0,
"free_cash_flow_latest": 1281000000.0
}