{
"_schema": "tech_val_panel_v2",
"current_pe": 146.90088656512845,
"historical_avg_pe": 103.38652409358292,
"historical_pe_years_used": 3,
"historical_pe_label": "3-year average annual PE (longest available, up to 5y)",
"eps_growth": 1.0467980295566504,
"historical_avg_eps_growth": 0.03389059620678523,
"historical_eps_growth_years_used": 5,
"eps_ttm": 6.152447552447552,
"ebitda_latest": 106800000.0,
"free_cash_flow_latest": -104700000.0
}