{
"_schema": "tech_val_panel_v2",
"current_pe": 875.3645887620103,
"historical_avg_pe": 765.0281843134653,
"historical_pe_years_used": 5,
"historical_pe_label": "5-year average annual PE",
"eps_growth": -0.9488636363636364,
"historical_avg_eps_growth": 0.3195890634188506,
"historical_eps_growth_years_used": 5,
"eps_ttm": 0.14529945765784202,
"ebitda_latest": 57591000.0,
"free_cash_flow_latest": 132580000.0
}