{
"_schema": "tech_val_panel_v2",
"current_pe": 64.55765749235474,
"historical_avg_pe": 26.533566843284422,
"historical_pe_years_used": 4,
"historical_pe_label": "4-year average annual PE (longest available, up to 5y)",
"eps_growth": 0.5567375886524822,
"historical_avg_eps_growth": -0.6476391239362587,
"historical_eps_growth_years_used": 5,
"eps_ttm": 4.851632047477745,
"ebitda_latest": 860000000.0,
"free_cash_flow_latest": 497000000.0
}