{
"_schema": "tech_val_panel_v2",
"current_pe": 24.61890748786098,
"historical_avg_pe": 33.93855982529157,
"historical_pe_years_used": 5,
"historical_pe_label": "5-year average annual PE",
"eps_growth": 0.1551433389544688,
"historical_avg_eps_growth": 0.1901879994960988,
"historical_eps_growth_years_used": 5,
"eps_ttm": 16.861836789657957,
"ebitda_latest": 160165000000.0,
"free_cash_flow_latest": 71611000000.0
}