{
"_schema": "tech_val_panel_v2",
"current_pe": 30.43285946462715,
"historical_avg_pe": 35.53129272977464,
"historical_pe_years_used": 5,
"historical_pe_label": "5-year average annual PE",
"eps_growth": 0.36825396825396833,
"historical_avg_eps_growth": 0.13530047471164994,
"historical_eps_growth_years_used": 5,
"eps_ttm": 12.61761158021713,
"ebitda_latest": 3525000000.0,
"free_cash_flow_latest": 2572000000.0
}