{
"_schema": "tech_val_panel_v2",
"current_pe": -5.06917980817009,
"historical_avg_pe": 20.12160579416994,
"historical_pe_years_used": 1,
"historical_pe_label": "1-year average annual PE (longest available, up to 5y)",
"eps_growth": -1.2920792079207923,
"historical_avg_eps_growth": -14.414627084422332,
"historical_eps_growth_years_used": 5,
"eps_ttm": -37.00598658932117,
"ebitda_latest": -5436903000.0,
"free_cash_flow_latest": -104241000.0
}