{
"_schema": "tech_val_panel_v2",
"current_pe": 34.83977814638192,
"historical_avg_pe": 43.289682205326315,
"historical_pe_years_used": 4,
"historical_pe_label": "4-year average annual PE (longest available, up to 5y)",
"eps_growth": 9.928571428571429,
"historical_avg_eps_growth": 0.10572399404597439,
"historical_eps_growth_years_used": 5,
"eps_ttm": 21.435555555555556,
"ebitda_latest": 18492000000.0,
"free_cash_flow_latest": 1668000000.0
}