{
"_schema": "tech_val_panel_v2",
"current_pe": 53.718772248150266,
"historical_avg_pe": 225.4021283619465,
"historical_pe_years_used": 5,
"historical_pe_label": "5-year average annual PE",
"eps_growth": 0.22463768115942034,
"historical_avg_eps_growth": 0.922161429789307,
"historical_eps_growth_years_used": 5,
"eps_ttm": 1.6973582266325842,
"ebitda_latest": 2999000000.0,
"free_cash_flow_latest": 4576000000.0
}