{
"_schema": "tech_val_panel_v2",
"current_pe": 19.277227722772277,
"historical_avg_pe": 17.598883967411247,
"historical_pe_years_used": 5,
"historical_pe_label": "5-year average annual PE",
"eps_growth": 0.22573839662447243,
"historical_avg_eps_growth": 0.03595617604103285,
"historical_eps_growth_years_used": 5,
"eps_ttm": 6.121212121212121,
"ebitda_latest": 1690000000.0,
"free_cash_flow_latest": 1338000000.0
}