{
"_schema": "tech_val_panel_v2",
"current_pe": 46.33510150450528,
"historical_avg_pe": 106.74111267426181,
"historical_pe_years_used": 1,
"historical_pe_label": "1-year average annual PE (longest available, up to 5y)",
"eps_growth": 2.372549019607843,
"historical_avg_eps_growth": 0.21680484174794096,
"historical_eps_growth_years_used": 5,
"eps_ttm": 0.9927678694202775,
"ebitda_latest": 292727000.0,
"free_cash_flow_latest": 750173000.0
}