{
"_schema": "tech_val_panel_v2",
"current_pe": 43.56085185771278,
"historical_avg_pe": 60.24874554210315,
"historical_pe_years_used": 5,
"historical_pe_label": "5-year average annual PE",
"eps_growth": 0.6599326599326597,
"historical_avg_eps_growth": 1.660994560994561,
"historical_eps_growth_years_used": 5,
"eps_ttm": 4.94021560236998,
"ebitda_latest": 144552000000.0,
"free_cash_flow_latest": 96676000000.0
}