{
"_schema": "tech_val_panel_v2",
"current_pe": 31.56160677814193,
"historical_avg_pe": 15.51312260720016,
"historical_pe_years_used": 5,
"historical_pe_label": "5-year average annual PE",
"eps_growth": -0.10579345088161218,
"historical_avg_eps_growth": 46.438018877380294,
"historical_eps_growth_years_used": 5,
"eps_ttm": 3.98934062150471,
"ebitda_latest": 652519000.0,
"free_cash_flow_latest": 621873000.0
}