{
"_schema": "tech_val_panel_v2",
"current_pe": 63.30594170212767,
"historical_avg_pe": 316.9136964574468,
"historical_pe_years_used": 2,
"historical_pe_label": "2-year average annual PE (longest available, up to 5y)",
"eps_growth": 6.882352941176471,
"historical_avg_eps_growth": -0.03170185593452281,
"historical_eps_growth_years_used": 5,
"eps_ttm": 1.3253100379546237,
"ebitda_latest": 249000000.0,
"free_cash_flow_latest": 905000000.0
}