{
"_schema": "tech_val_panel_v2",
"current_pe": 70.89266166986229,
"historical_avg_pe": 52.07639591250323,
"historical_pe_years_used": 5,
"historical_pe_label": "5-year average annual PE",
"eps_growth": -0.9211956521739131,
"historical_avg_eps_growth": 0.7974210033412958,
"historical_eps_growth_years_used": 5,
"eps_ttm": 1.4557218979954327,
"ebitda_latest": 888200000.0,
"free_cash_flow_latest": 1418600000.0
}