{
"_schema": "tech_val_panel_v2",
"current_pe": 34.51009870450339,
"historical_avg_pe": 29.474201953301975,
"historical_pe_years_used": 5,
"historical_pe_label": "5-year average annual PE",
"eps_growth": 0.1706036745406824,
"historical_avg_eps_growth": 0.10433766073648756,
"historical_eps_growth_years_used": 5,
"eps_ttm": 5.677758318739055,
"ebitda_latest": 23912000000.0,
"free_cash_flow_latest": -394000000.0
}