{
"_schema": "tech_val_panel_v2",
"current_pe": 137.25401225415956,
"historical_avg_pe": 165.2731096815638,
"historical_pe_years_used": 4,
"historical_pe_label": "4-year average annual PE (longest available, up to 5y)",
"eps_growth": 0.48484848484848475,
"historical_avg_eps_growth": 0.43160578661844484,
"historical_eps_growth_years_used": 5,
"eps_ttm": 0.5694551198639464,
"ebitda_latest": 379437940.0,
"free_cash_flow_latest": 615741000.0
}