{
"_schema": "tech_val_panel_v2",
"current_pe": 144.58512173196135,
"historical_avg_pe": 267.7075756231549,
"historical_pe_years_used": 3,
"historical_pe_label": "3-year average annual PE (longest available, up to 5y)",
"eps_growth": 2.2857142857142856,
"historical_avg_eps_growth": 0.6694875789628165,
"historical_eps_growth_years_used": 5,
"eps_ttm": 0.9530717846298189,
"ebitda_latest": 1440160000.0,
"free_cash_flow_latest": 2100591000.0
}