{
"_schema": "tech_val_panel_v2",
"current_pe": 13.905936036239872,
"historical_avg_pe": 45.485983995218966,
"historical_pe_years_used": 5,
"historical_pe_label": "5-year average annual PE",
"eps_growth": 0.9490445859872612,
"historical_avg_eps_growth": 1.6940527646860182,
"historical_eps_growth_years_used": 5,
"eps_ttm": 10.545856073105725,
"ebitda_latest": 1132612000.0,
"free_cash_flow_latest": 856688000.0
}