{
"_schema": "tech_val_panel_v2",
"current_pe": 44.60665251071532,
"historical_avg_pe": 29.667847386536323,
"historical_pe_years_used": 4,
"historical_pe_label": "4-year average annual PE (longest available, up to 5y)",
"eps_growth": -0.0026897156154613707,
"historical_avg_eps_growth": 0.007297905812464718,
"historical_eps_growth_years_used": 3,
"eps_ttm": 3.303431028916655,
"ebitda_latest": 1403000000.0,
"free_cash_flow_latest": 988000000.0
}