{
"_schema": "tech_val_panel_v2",
"current_pe": 23.536222916456715,
"historical_avg_pe": 18.900168036701597,
"historical_pe_years_used": 5,
"historical_pe_label": "5-year average annual PE",
"eps_growth": -0.4433443344334434,
"historical_avg_eps_growth": 0.2836992219225982,
"historical_eps_growth_years_used": 5,
"eps_ttm": 9.308630393996248,
"ebitda_latest": 14929000000.0,
"free_cash_flow_latest": 12820000000.0
}