{
"_schema": "tech_val_panel_v2",
"current_pe": -27.211346326326343,
"historical_avg_pe": null,
"historical_pe_years_used": 0,
"historical_pe_label": null,
"eps_growth": -0.0694444444444445,
"historical_avg_eps_growth": -0.8507315271575218,
"historical_eps_growth_years_used": 5,
"eps_ttm": -1.5399826049568848,
"ebitda_latest": -802175000.0,
"free_cash_flow_latest": 1352880000.0
}