{
"_schema": "tech_val_panel_v2",
"current_pe": -35.11133028311947,
"historical_avg_pe": null,
"historical_pe_years_used": 0,
"historical_pe_label": null,
"eps_growth": 0.7620320855614973,
"historical_avg_eps_growth": -0.6553148985687927,
"historical_eps_growth_years_used": 5,
"eps_ttm": -1.7754952460451574,
"ebitda_latest": -198350000.0,
"free_cash_flow_latest": 253277000.0
}