{
"_schema": "tech_val_panel_v2",
"current_pe": 60.70317529672622,
"historical_avg_pe": 68.46282067110492,
"historical_pe_years_used": 4,
"historical_pe_label": "4-year average annual PE (longest available, up to 5y)",
"eps_growth": 0.2814371257485031,
"historical_avg_eps_growth": 4.914551147817852,
"historical_eps_growth_years_used": 5,
"eps_ttm": 2.1291307970008333,
"ebitda_latest": 314142000.0,
"free_cash_flow_latest": 333177000.0
}