{
"_schema": "tech_val_panel_v2",
"current_pe": -279.3295361679998,
"historical_avg_pe": 35.45075915190123,
"historical_pe_years_used": 2,
"historical_pe_label": "2-year average annual PE (longest available, up to 5y)",
"eps_growth": 0.7964601769911505,
"historical_avg_eps_growth": -3.2704165282673663,
"historical_eps_growth_years_used": 5,
"eps_ttm": -0.43607991360691145,
"ebitda_latest": 174400000.0,
"free_cash_flow_latest": 159732000.0
}