{
"_schema": "tech_val_panel_v2",
"current_pe": 51.30382072331928,
"historical_avg_pe": 4.87218045112782,
"historical_pe_years_used": 2,
"historical_pe_label": "2-year average annual PE (longest available, up to 5y)",
"eps_growth": -1.423982869379015,
"historical_avg_eps_growth": -0.5818439714377174,
"historical_eps_growth_years_used": 4,
"eps_ttm": 30.4527027027027,
"ebitda_latest": -1253000000.0,
"free_cash_flow_latest": -120000000.0
}