{
"_schema": "tech_val_panel_v2",
"current_pe": -39.187628227657214,
"historical_avg_pe": null,
"historical_pe_years_used": 0,
"historical_pe_label": null,
"eps_growth": -0.023316062176165882,
"historical_avg_eps_growth": -0.2665206628642339,
"historical_eps_growth_years_used": 5,
"eps_ttm": -3.890258402839656,
"ebitda_latest": -1083169000.0,
"free_cash_flow_latest": 1120314000.0
}