{
"_schema": "tech_val_panel_v2",
"current_pe": 75.12049231193922,
"historical_avg_pe": 51.867195344158574,
"historical_pe_years_used": 5,
"historical_pe_label": "5-year average annual PE",
"eps_growth": -0.4499323410013531,
"historical_avg_eps_growth": 0.3497925499300955,
"historical_eps_growth_years_used": 5,
"eps_ttm": 6.875354302196362,
"ebitda_latest": 2500301000.0,
"free_cash_flow_latest": 1349154000.0
}