{
"_schema": "tech_val_panel_v2",
"current_pe": 20.500666666666667,
"historical_avg_pe": 24.575129631447638,
"historical_pe_years_used": 5,
"historical_pe_label": "5-year average annual PE",
"eps_growth": 0.05501618122977344,
"historical_avg_eps_growth": 0.1458677246242387,
"historical_eps_growth_years_used": 5,
"eps_ttm": 3.3540372670807455,
"ebitda_latest": 2104900000.0,
"free_cash_flow_latest": 1664000000.0
}