{
"_schema": "tech_val_panel_v2",
"current_pe": 27.788023255813954,
"historical_avg_pe": 19.285583481374456,
"historical_pe_years_used": 5,
"historical_pe_label": "5-year average annual PE",
"eps_growth": -0.1693548387096775,
"historical_avg_eps_growth": 0.02242040222327306,
"historical_eps_growth_years_used": 5,
"eps_ttm": 2.403193612774451,
"ebitda_latest": 1016800000.0,
"free_cash_flow_latest": 1105800000.0
}