{
"_schema": "tech_val_panel_v2",
"current_pe": 65.88735858688754,
"historical_avg_pe": 34.964688055081275,
"historical_pe_years_used": 5,
"historical_pe_label": "5-year average annual PE",
"eps_growth": 0.02346041055718477,
"historical_avg_eps_growth": 0.11523596081822522,
"historical_eps_growth_years_used": 5,
"eps_ttm": 5.460379771114379,
"ebitda_latest": 768083000.0,
"free_cash_flow_latest": 450406000.0
}