{
"_schema": "tech_val_panel_v2",
"current_pe": 35.69016990291262,
"historical_avg_pe": 566.4133333333334,
"historical_pe_years_used": 2,
"historical_pe_label": "2-year average annual PE (longest available, up to 5y)",
"eps_growth": 16.352941176470587,
"historical_avg_eps_growth": 0.13619966204414552,
"historical_eps_growth_years_used": 5,
"eps_ttm": 0.7018739352640545,
"ebitda_latest": 372000000.0,
"free_cash_flow_latest": 608000000.0
}