{
"_schema": "tech_val_panel_v2",
"current_pe": 31.25295922840859,
"historical_avg_pe": 34.03372558778399,
"historical_pe_years_used": 5,
"historical_pe_label": "5-year average annual PE",
"eps_growth": -0.7112561174551386,
"historical_avg_eps_growth": 0.7004134431371808,
"historical_eps_growth_years_used": 5,
"eps_ttm": 1.945415778251599,
"ebitda_latest": 763700000.0,
"free_cash_flow_latest": 133200000.0
}