{
"_schema": "tech_val_panel_v2",
"current_pe": 83.6524594126745,
"historical_avg_pe": 32.93123360450089,
"historical_pe_years_used": 4,
"historical_pe_label": "4-year average annual PE (longest available, up to 5y)",
"eps_growth": 2.145454545454545,
"historical_avg_eps_growth": 0.6320706860080673,
"historical_eps_growth_years_used": 5,
"eps_ttm": 1.8805185299329688,
"ebitda_latest": 402842000.0,
"free_cash_flow_latest": -683000.0
}