{
"_schema": "tech_val_panel_v2",
"current_pe": 48.744214645053106,
"historical_avg_pe": 26.126659439076512,
"historical_pe_years_used": 5,
"historical_pe_label": "5-year average annual PE",
"eps_growth": 0.040076335877862586,
"historical_avg_eps_growth": 0.027942648683389876,
"historical_eps_growth_years_used": 5,
"eps_ttm": 5.904290429042904,
"ebitda_latest": 8252000000.0,
"free_cash_flow_latest": 2603000000.0
}