{
"_schema": "tech_val_panel_v2",
"current_pe": -18.195998512015475,
"historical_avg_pe": null,
"historical_pe_years_used": 0,
"historical_pe_label": null,
"eps_growth": 0.42857142857142855,
"historical_avg_eps_growth": -0.30355096921361985,
"historical_eps_growth_years_used": 5,
"eps_ttm": -1.5475930041104882,
"ebitda_latest": 38372000.0,
"free_cash_flow_latest": 403931000.0
}