{
"_schema": "tech_val_panel_v2",
"current_pe": 48.194123506493504,
"historical_avg_pe": 602.6431231271969,
"historical_pe_years_used": 4,
"historical_pe_label": "4-year average annual PE (longest available, up to 5y)",
"eps_growth": 0.3131313131313132,
"historical_avg_eps_growth": -1.4837627503831725,
"historical_eps_growth_years_used": 5,
"eps_ttm": 2.6523980663903273,
"ebitda_latest": 1356000000.0,
"free_cash_flow_latest": 2777000000.0
}