{
"_schema": "tech_val_panel_v2",
"current_pe": 55.51905103536616,
"historical_avg_pe": 1328.3274284557915,
"historical_pe_years_used": 4,
"historical_pe_label": "4-year average annual PE (longest available, up to 5y)",
"eps_growth": -0.5468085106382979,
"historical_avg_eps_growth": 57.8958651026393,
"historical_eps_growth_years_used": 5,
"eps_ttm": 1.3481858678081482,
"ebitda_latest": 1819274000.0,
"free_cash_flow_latest": 2424676000.0
}