{
"_schema": "tech_val_panel_v2",
"current_pe": -359.1982077480408,
"historical_avg_pe": null,
"historical_pe_years_used": 0,
"historical_pe_label": null,
"eps_growth": 0.30769230769230765,
"historical_avg_eps_growth": -0.6514648589764129,
"historical_eps_growth_years_used": 5,
"eps_ttm": -0.4235266121002236,
"ebitda_latest": 112412000.0,
"free_cash_flow_latest": 726693000.0
}