{
"_schema": "tech_fund_panel_v1",
"revenueGrowth": 0.8275018547109658,
"epsGrowth": 0.8577777777777778,
"operatingMargin": -0.11569033530571993,
"netMargin": -0.08547731755424064,
"grossMargin": 0.29642208875739645,
"eps_ttm": -0.5703737825743617,
"epsEstimateCurrentYear": 4.527,
"epsEstimateNextYear": 1.029,
"analystRating": null,
"operatingMargin_prior": -0.08565321655718904
}