{
"_schema": "tech_fund_panel_v1",
"revenueGrowth": 0.10527784236224134,
"epsGrowth": 0.34485530546623805,
"operatingMargin": 0.36645810330020856,
"netMargin": 0.2947695579274527,
"grossMargin": 0.8910154173312068,
"eps_ttm": 17.58048780487805,
"epsEstimateCurrentYear": 7.84052,
"epsEstimateNextYear": 9.94425,
"analystRating": null,
"operatingMargin_prior": 0.36503067484662577
}