{
"_schema": "tech_fund_panel_v1",
"revenueGrowth": 0.1689321605654812,
"epsGrowth": 0.39090909090909093,
"operatingMargin": 0.2924443870591954,
"netMargin": 0.23023721769094233,
"grossMargin": 0.6284153437722318,
"eps_ttm": 5.536911351391156,
"epsEstimateCurrentYear": 4.61584,
"epsEstimateNextYear": 5.92203,
"analystRating": null,
"operatingMargin_prior": 0.307274073125307
}