{
"_schema": "tech_fund_panel_v1",
"revenueGrowth": 0.38803847956886767,
"epsGrowth": 1.0958083832335328,
"operatingMargin": 0.10240561659409629,
"netMargin": 0.11947759326493587,
"grossMargin": 0.6262379323175667,
"eps_ttm": 1.1343090503823061,
"epsEstimateCurrentYear": -1.64327,
"epsEstimateNextYear": -2.3554,
"analystRating": null,
"operatingMargin_prior": 0.10474078823173229
}