{
"_schema": "tech_fund_panel_v1",
"revenueGrowth": 0.05437180294089349,
"epsGrowth": -0.0688622754491018,
"operatingMargin": 0.1367158184672457,
"netMargin": 0.10199557216605268,
"grossMargin": 0.572299178324145,
"eps_ttm": 2.99565636401184,
"epsEstimateCurrentYear": 4.39452,
"epsEstimateNextYear": 5.19938,
"analystRating": null,
"operatingMargin_prior": 0.13822024053074586
}