{
"_schema": "tech_fund_panel_v1",
"revenueGrowth": 0.04386223138062997,
"epsGrowth": 0.003456221198156813,
"operatingMargin": 0.29099028850925074,
"netMargin": 0.27784078826114694,
"grossMargin": 0.487240377117743,
"eps_ttm": 9.885245901639344,
"epsEstimateCurrentYear": 4.44991,
"epsEstimateNextYear": 2.99834,
"analystRating": null,
"operatingMargin_prior": 0.25176470588235295
}