{
"_schema": "tech_fund_panel_v1",
"revenueGrowth": 0.34337793290672874,
"epsGrowth": 1.6435643564356435,
"operatingMargin": 0.11654295936348588,
"netMargin": 0.13328349441982165,
"grossMargin": 0.5028034388850323,
"eps_ttm": 3.0606989576946657,
"epsEstimateCurrentYear": 0.62082,
"epsEstimateNextYear": 1.24169,
"analystRating": null,
"operatingMargin_prior": 0.17069133398247321
}