{
"_schema": "tech_fund_panel_v1",
"revenueGrowth": 0.061777148996817195,
"epsGrowth": 0.048611111111111154,
"operatingMargin": 0.07582249851402334,
"netMargin": 0.061676057228380224,
"grossMargin": 0.14425577211602086,
"eps_ttm": 1.761737022823672,
"epsEstimateCurrentYear": 0.53,
"epsEstimateNextYear": 0.49667,
"analystRating": null,
"operatingMargin_prior": 0.09796795205201568
}