{
"_schema": "tech_fund_panel_v1",
"revenueGrowth": 0.28595907526666764,
"epsGrowth": 0.2290748898678414,
"operatingMargin": 0.4279240774879247,
"netMargin": 0.3831656350734817,
"grossMargin": 0.6353721459541293,
"eps_ttm": 2.9581776258249186,
"epsEstimateCurrentYear": 0.48487,
"epsEstimateNextYear": 0.5963,
"analystRating": null,
"operatingMargin_prior": 0.4151861082080553
}