{
"_schema": "tech_fund_panel_v1",
"revenueGrowth": 0.5171224552806006,
"epsGrowth": 0.746268656716418,
"operatingMargin": 0.26000046325249576,
"netMargin": 0.17278546004833267,
"grossMargin": 0.3734548599047244,
"eps_ttm": 3.642118968182928,
"epsEstimateCurrentYear": 0.92337,
"epsEstimateNextYear": 0.91657,
"analystRating": null,
"operatingMargin_prior": 0.27490293523839104
}