{
"_schema": "tech_fund_panel_v1",
"revenueGrowth": 0.23874432853763525,
"epsGrowth": 2.866141732283465,
"operatingMargin": 0.4086728566825811,
"netMargin": 0.36571863741542426,
"grossMargin": 0.6709235230368179,
"eps_ttm": 5.2672431976376295,
"epsEstimateCurrentYear": 2.12911,
"epsEstimateNextYear": 2.20681,
"analystRating": null,
"operatingMargin_prior": 0.4167638079378296
}