{
"_schema": "tech_fund_panel_v1",
"revenueGrowth": 0.05875391897707014,
"epsGrowth": 0.20910623946037105,
"operatingMargin": 0.17143520478538163,
"netMargin": 0.1502943064337708,
"grossMargin": 0.3131393141499256,
"eps_ttm": 9.462596732588134,
"epsEstimateCurrentYear": 4.65,
"epsEstimateNextYear": 4.97125,
"analystRating": null,
"operatingMargin_prior": 0.1215940253223642
}