{
"_schema": "tech_fund_panel_v1",
"revenueGrowth": 0.10988437618940282,
"epsGrowth": 0.17333333333333334,
"operatingMargin": 0.2402550311234665,
"netMargin": 0.18122395394678473,
"grossMargin": 0.816354831948711,
"eps_ttm": 0.9017434081244938,
"epsEstimateCurrentYear": 0.62571,
"epsEstimateNextYear": 0.77375,
"analystRating": null,
"operatingMargin_prior": 0.20049440474791996
}