{
"_schema": "tech_fund_panel_v1",
"revenueGrowth": 0.06788039259573211,
"epsGrowth": 0.008684863523573236,
"operatingMargin": 0.07291921343997765,
"netMargin": 0.04702507771296846,
"grossMargin": 0.2157233418322797,
"eps_ttm": 8.349612403100775,
"epsEstimateCurrentYear": 5.06667,
"epsEstimateNextYear": 6.019,
"analystRating": null,
"operatingMargin_prior": 0.07815278533841408
}