{
"_schema": "tech_fund_panel_v1",
"revenueGrowth": 0.18793535668519323,
"epsGrowth": 0.5000000000000001,
"operatingMargin": 0.08192375566639587,
"netMargin": 0.044698688930308185,
"grossMargin": 0.4064386298274746,
"eps_ttm": 1.6167099579321833,
"epsEstimateCurrentYear": 1.34863,
"epsEstimateNextYear": 2.16011,
"analystRating": null,
"operatingMargin_prior": 0.08764156972271861
}