{
"_schema": "tech_fund_panel_v1",
"revenueGrowth": 0.23417588421322738,
"epsGrowth": 0.717391304347826,
"operatingMargin": 0.000292866728644235,
"netMargin": 0.10587479366468867,
"grossMargin": 0.0009734380194513547,
"eps_ttm": 1232.6670739549838,
"epsEstimateCurrentYear": 12.19,
"epsEstimateNextYear": 11.93,
"analystRating": null,
"operatingMargin_prior": 0.11803084223013048
}