{
"_schema": "tech_fund_panel_v1",
"revenueGrowth": -0.010674201397064594,
"epsGrowth": 0.33098591549295775,
"operatingMargin": 0.2684298044184021,
"netMargin": 0.18710903476126375,
"grossMargin": 0.7972523556892865,
"eps_ttm": 2.0093537414965987,
"epsEstimateCurrentYear": 0.382,
"epsEstimateNextYear": 0.47616,
"analystRating": null,
"operatingMargin_prior": 0.24882112543225401
}