{
"_schema": "tech_fund_panel_v1",
"revenueGrowth": 0.1880460828528676,
"epsGrowth": 0.37634408602150554,
"operatingMargin": 0.07224013105744333,
"netMargin": 0.052282055347108454,
"grossMargin": 0.2010604379150593,
"eps_ttm": 9.107482125208492,
"epsEstimateCurrentYear": 6.32436,
"epsEstimateNextYear": 7.34025,
"analystRating": null,
"operatingMargin_prior": 0.07846695056471024
}