{
"_schema": "tech_fund_panel_v1",
"revenueGrowth": -0.09432108641997015,
"epsGrowth": 0.18969555035128818,
"operatingMargin": 0.1774588390793477,
"netMargin": 0.1249070443612154,
"grossMargin": 0.37600269241025536,
"eps_ttm": 5.263126606260644,
"epsEstimateCurrentYear": 4.31082,
"epsEstimateNextYear": 4.3982,
"analystRating": null,
"operatingMargin_prior": 0.17880175757986747
}