{
"_schema": "tech_fund_panel_v1",
"revenueGrowth": 0.15421430898023242,
"epsGrowth": -0.14754098360655737,
"operatingMargin": 0.09907432824671379,
"netMargin": 0.0696106958513525,
"grossMargin": 0.27916154029619694,
"eps_ttm": 7.188983696763519,
"epsEstimateCurrentYear": 3.42417,
"epsEstimateNextYear": 4.31465,
"analystRating": null,
"operatingMargin_prior": 0.10603830206856178
}