{
"_schema": "tech_fund_panel_v1",
"revenueGrowth": 0.17041854431513406,
"epsGrowth": -2.67741935483871,
"operatingMargin": -0.01734262248357564,
"netMargin": -0.05039407733193726,
"grossMargin": 0.759703461130702,
"eps_ttm": -0.7996993966728626,
"epsEstimateCurrentYear": -1.10903,
"epsEstimateNextYear": -1.13284,
"analystRating": null,
"operatingMargin_prior": -0.01944833416375233
}