{
"_schema": "tech_fund_panel_v1",
"revenueGrowth": 0.40957609434307374,
"epsGrowth": 0.2122186495176848,
"operatingMargin": -1.2222690540146317,
"netMargin": -1.244676961662758,
"grossMargin": 0.8242762751613013,
"eps_ttm": -2.571472459865841,
"epsEstimateCurrentYear": 0.47997,
"epsEstimateNextYear": 0.379,
"analystRating": null,
"operatingMargin_prior": -4.146214251585677
}