{
"_schema": "tech_fund_panel_v1",
"revenueGrowth": 0.0543102597017873,
"epsGrowth": -0.4788732394366197,
"operatingMargin": 0.1700977869274318,
"netMargin": 0.22911305541259222,
"grossMargin": 0.37587922456682105,
"eps_ttm": 5.186407766990291,
"epsEstimateCurrentYear": 5.22045,
"epsEstimateNextYear": 5.5121,
"analystRating": null,
"operatingMargin_prior": 0.1931009957325747
}