{
"_schema": "tech_fund_panel_v1",
"revenueGrowth": 0.03602854908095424,
"epsGrowth": 0.17190388170055448,
"operatingMargin": 0.2436225699383594,
"netMargin": 0.15173067804646753,
"grossMargin": 0.5807017543859649,
"eps_ttm": 5.976839745984311,
"epsEstimateCurrentYear": 4.00038,
"epsEstimateNextYear": 4.40755,
"analystRating": null,
"operatingMargin_prior": 0.2216124148372445
}