{
"_schema": "tech_fund_panel_v1",
"revenueGrowth": 0.24120162058213998,
"epsGrowth": 0.015873015873015886,
"operatingMargin": -0.14179549528762359,
"netMargin": -0.10930405921087663,
"grossMargin": 0.7748140785573561,
"eps_ttm": -0.5125125874882448,
"epsEstimateCurrentYear": 0.12742,
"epsEstimateNextYear": 0.041573,
"analystRating": null,
"operatingMargin_prior": -0.13349070237980537
}