{
"_schema": "tech_fund_panel_v1",
"revenueGrowth": 0.14167702071929883,
"epsGrowth": 0.0701754385964913,
"operatingMargin": 0.310598494971517,
"netMargin": 0.27491384766861243,
"grossMargin": 0.8067374639566777,
"eps_ttm": 2.64550622631294,
"epsEstimateCurrentYear": 0.48232,
"epsEstimateNextYear": 0.65098,
"analystRating": null,
"operatingMargin_prior": 0.3283989501312336
}