{
"_schema": "tech_fund_panel_v1",
"revenueGrowth": 0.08263360447826468,
"epsGrowth": -0.045248868778280514,
"operatingMargin": 0.23850946513525886,
"netMargin": 0.17319903656667396,
"grossMargin": 0.5979656428528773,
"eps_ttm": 6.511457351114304,
"epsEstimateCurrentYear": 0.73117,
"epsEstimateNextYear": -2.99727,
"analystRating": null,
"operatingMargin_prior": 0.24884213831540938
}