{
"_schema": "tech_fund_panel_v1",
"revenueGrowth": 0.1914163744473243,
"epsGrowth": 2.152542372881356,
"operatingMargin": 0.1531156179155689,
"netMargin": 0.11090006739783101,
"grossMargin": 0.36309049690582684,
"eps_ttm": 2.097843667408018,
"epsEstimateCurrentYear": 1.76901,
"epsEstimateNextYear": 1.73983,
"analystRating": null,
"operatingMargin_prior": 0.1655990510083037
}