{
"_schema": "tech_fund_panel_v1",
"revenueGrowth": 0.22637703124027916,
"epsGrowth": 12.185983827493262,
"operatingMargin": 0.06813994807022146,
"netMargin": 0.14112260137783833,
"grossMargin": 0.6376094415611129,
"eps_ttm": 2.2325136564025194,
"epsEstimateCurrentYear": 0.84812,
"epsEstimateNextYear": 1.08409,
"analystRating": null,
"operatingMargin_prior": 0.05554971004602587
}