{
"_schema": "tech_fund_panel_v1",
"revenueGrowth": 0.07620352811817761,
"epsGrowth": 0.7396630934150075,
"operatingMargin": 0.1635587932260452,
"netMargin": 0.1560563625545994,
"grossMargin": 0.5897026599526926,
"eps_ttm": 11.458710708577517,
"epsEstimateCurrentYear": 12.22221,
"epsEstimateNextYear": 8.06835,
"analystRating": null,
"operatingMargin_prior": 0.21157167530224524
}