{
"_schema": "tech_fund_panel_v1",
"revenueGrowth": -0.004670345191239336,
"epsGrowth": 0.986552511415525,
"operatingMargin": -0.09447017465543217,
"netMargin": -0.05903688410244964,
"grossMargin": 0.3543329055298253,
"eps_ttm": -0.6244343891402715,
"epsEstimateCurrentYear": 4.6169,
"epsEstimateNextYear": 4.9136,
"analystRating": null,
"operatingMargin_prior": 0.040222319730876116
}