{
"_schema": "tech_fund_panel_v1",
"revenueGrowth": 0.15634019035922628,
"epsGrowth": 0.3062381852551985,
"operatingMargin": 0.2707618905620993,
"netMargin": 0.2156950449778838,
"grossMargin": 0.812285671686298,
"eps_ttm": 15.555555555555555,
"epsEstimateCurrentYear": 6.69017,
"epsEstimateNextYear": 7.12131,
"analystRating": null,
"operatingMargin_prior": 0.13745173745173744
}