{
"_schema": "tech_fund_panel_v1",
"revenueGrowth": 0.2957383091084767,
"epsGrowth": 0.9432142857142857,
"operatingMargin": -0.03248168981889061,
"netMargin": -0.005632523700525443,
"grossMargin": 0.767366330272112,
"eps_ttm": -0.015746685820062268,
"epsEstimateCurrentYear": -0.48785,
"epsEstimateNextYear": -0.16161,
"analystRating": null,
"operatingMargin_prior": -0.004137267864655328
}