{
"_schema": "tech_fund_panel_v1",
"revenueGrowth": 0.03181802444344424,
"epsGrowth": -0.4708994708994709,
"operatingMargin": 0.04316282486913399,
"netMargin": 0.02476505341782227,
"grossMargin": 0.09036642483239966,
"eps_ttm": 7.596244131455399,
"epsEstimateCurrentYear": 2.09088,
"epsEstimateNextYear": 2.60111,
"analystRating": null,
"operatingMargin_prior": 0.03407585791691752
}