{
"_schema": "tech_fund_panel_v1",
"revenueGrowth": 0.07953404298051818,
"epsGrowth": 0.38810198300283305,
"operatingMargin": 0.15959133345076626,
"netMargin": 0.1687511009335917,
"grossMargin": 0.6186366038400564,
"eps_ttm": 5.569767441860465,
"epsEstimateCurrentYear": 3.13998,
"epsEstimateNextYear": 4.57569,
"analystRating": null,
"operatingMargin_prior": 0.1529245947850599
}