{
"_schema": "tech_fund_panel_v1",
"revenueGrowth": 0.23684089764599187,
"epsGrowth": 0.4329896907216494,
"operatingMargin": 0.3425647125509845,
"netMargin": 0.30939258167374595,
"grossMargin": 0.4997857424033794,
"eps_ttm": 5.367729617964869,
"epsEstimateCurrentYear": 1.42717,
"epsEstimateNextYear": 1.51924,
"analystRating": null,
"operatingMargin_prior": 0.33868546029208624
}