{
"_schema": "tech_fund_panel_v1",
"revenueGrowth": 0.07076972010178118,
"epsGrowth": 55.0,
"operatingMargin": 0.10532346014300567,
"netMargin": 0.04290169951836371,
"grossMargin": 0.5773482421336276,
"eps_ttm": 0.3734072022160665,
"epsEstimateCurrentYear": 2.71412,
"epsEstimateNextYear": 3.23838,
"analystRating": null,
"operatingMargin_prior": 0.1279089376053963
}