{
"_schema": "tech_fund_panel_v1",
"revenueGrowth": 0.22794268264784995,
"epsGrowth": 0.4913294797687861,
"operatingMargin": -0.055592242380358446,
"netMargin": -0.028878596735039452,
"grossMargin": 0.7174856532417241,
"eps_ttm": -0.8753625721730296,
"epsEstimateCurrentYear": -1.02308,
"epsEstimateNextYear": -1.0446,
"analystRating": null,
"operatingMargin_prior": -0.02891889181915268
}