{
"_schema": "tech_fund_panel_v1",
"revenueGrowth": 0.096207473508087,
"epsGrowth": 0.5567375886524822,
"operatingMargin": 0.1475933202357564,
"netMargin": 0.08030451866404716,
"grossMargin": 0.4361493123772102,
"eps_ttm": 4.851632047477745,
"epsEstimateCurrentYear": 5.87722,
"epsEstimateNextYear": 7.78416,
"analystRating": null,
"operatingMargin_prior": 0.15004840271055178
}