{
"_schema": "tech_fund_panel_v1",
"revenueGrowth": 0.3257773671903484,
"epsGrowth": -1.6822429906542056,
"operatingMargin": 0.15960183122620636,
"netMargin": 0.16460175672554703,
"grossMargin": 0.5534039351248259,
"eps_ttm": 2.3550291127603162,
"epsEstimateCurrentYear": 2.31091,
"epsEstimateNextYear": 0.52462,
"analystRating": null,
"operatingMargin_prior": 0.15940753722221404
}