{
"_schema": "tech_fund_panel_v1",
"revenueGrowth": 0.20884923525127458,
"epsGrowth": 0.22463768115942034,
"operatingMargin": 0.13438395415472779,
"netMargin": 0.1258595988538682,
"grossMargin": 0.7656160458452722,
"eps_ttm": 1.6973582266325842,
"epsEstimateCurrentYear": 3.24314,
"epsEstimateNextYear": 4.53243,
"analystRating": null,
"operatingMargin_prior": 0.1241591928251121
}