{
"_schema": "tech_fund_panel_v1",
"revenueGrowth": 0.18108158167102256,
"epsGrowth": 2.372549019607843,
"operatingMargin": 0.08015710157425518,
"netMargin": 0.09946601401298977,
"grossMargin": 0.8713678731897778,
"eps_ttm": 0.9927678694202775,
"epsEstimateCurrentYear": -1.45176,
"epsEstimateNextYear": -0.72944,
"analystRating": null,
"operatingMargin_prior": 0.07328177566748587
}