{
"_schema": "tech_fund_panel_v1",
"revenueGrowth": 0.654735357900948,
"epsGrowth": 0.6599326599326597,
"operatingMargin": 0.6038168363141272,
"netMargin": 0.5560253406070261,
"grossMargin": 0.7106808435754708,
"eps_ttm": 4.94021560236998,
"epsEstimateCurrentYear": 0.13961,
"epsEstimateNextYear": 0.2428,
"analystRating": null,
"operatingMargin_prior": 0.6316878925025436
}