{
"_schema": "tech_fund_panel_v1",
"revenueGrowth": 0.18375408675991792,
"epsGrowth": -0.10579345088161218,
"operatingMargin": 0.20509100900168323,
"netMargin": 0.16431825439225803,
"grossMargin": 0.32426735568096826,
"eps_ttm": 3.98934062150471,
"epsEstimateCurrentYear": 0.99708,
"epsEstimateNextYear": 3.98311,
"analystRating": null,
"operatingMargin_prior": 0.2003218936270806
}