{
"_schema": "tech_fund_panel_v1",
"revenueGrowth": 0.11839080459770115,
"epsGrowth": 6.882352941176471,
"operatingMargin": 0.052415210688591986,
"netMargin": 0.08050702295306612,
"grossMargin": 0.7735525865022268,
"eps_ttm": 1.3253100379546237,
"epsEstimateCurrentYear": -0.34734,
"epsEstimateNextYear": 0.044166,
"analystRating": null,
"operatingMargin_prior": 0.03099730458221024
}