{
"_schema": "tech_fund_panel_v1",
"revenueGrowth": -0.15346709402312808,
"epsGrowth": -0.9211956521739131,
"operatingMargin": 0.10842817087250536,
"netMargin": 0.0946231238660729,
"grossMargin": 0.3721754905162461,
"eps_ttm": 1.4557218979954327,
"epsEstimateCurrentYear": 1.41941,
"epsEstimateNextYear": 1.90083,
"analystRating": null,
"operatingMargin_prior": 0.16534867002156722
}