{
"_schema": "tech_fund_panel_v1",
"revenueGrowth": 0.08379751137629576,
"epsGrowth": 0.1706036745406824,
"operatingMargin": 0.3082853441952651,
"netMargin": 0.2529768871826084,
"grossMargin": 0.6644037642211714,
"eps_ttm": 5.677758318739055,
"epsEstimateCurrentYear": 3.44426,
"epsEstimateNextYear": 3.80939,
"analystRating": null,
"operatingMargin_prior": 0.29461950429692363
}