{
"_schema": "tech_fund_panel_v1",
"revenueGrowth": 0.15614059120676835,
"epsGrowth": 0.48484848484848475,
"operatingMargin": 0.03134614287317256,
"netMargin": 0.051375666388103446,
"grossMargin": 0.7038120388998382,
"eps_ttm": 0.5694551198639464,
"epsEstimateCurrentYear": 1.67141,
"epsEstimateNextYear": 1.94588,
"analystRating": null,
"operatingMargin_prior": 0.05590526443486619
}