{
"_schema": "tech_fund_panel_v1",
"revenueGrowth": 0.08947536055649957,
"epsGrowth": -0.08958566629339294,
"operatingMargin": 0.2830251779656968,
"netMargin": 0.22440399407577277,
"grossMargin": 0.7973818737757393,
"eps_ttm": 9.191780821917808,
"epsEstimateCurrentYear": 1.25937,
"epsEstimateNextYear": 2.60867,
"analystRating": null,
"operatingMargin_prior": 0.28881131728826015
}