{
"_schema": "tech_fund_panel_v1",
"revenueGrowth": 0.16606687238675377,
"epsGrowth": 2.96551724137931,
"operatingMargin": 0.10190853523684941,
"netMargin": 0.20044031357196299,
"grossMargin": 0.7496188576080256,
"eps_ttm": 2.0186296403798196,
"epsEstimateCurrentYear": 0.3625,
"epsEstimateNextYear": 0.3,
"analystRating": null,
"operatingMargin_prior": 0.20693928620292396
}