{
"_schema": "tech_fund_panel_v1",
"revenueGrowth": 0.19175956896581728,
"epsGrowth": 0.9490445859872612,
"operatingMargin": 0.38705276430520436,
"netMargin": 0.4157505687390338,
"grossMargin": 0.8431214266176539,
"eps_ttm": 10.545856073105725,
"epsEstimateCurrentYear": 1.19954,
"epsEstimateNextYear": 1.44,
"analystRating": null,
"operatingMargin_prior": 0.322430649218095
}