{
"_schema": "tech_fund_panel_v1",
"revenueGrowth": 0.09665513264129182,
"epsGrowth": -0.0026897156154613707,
"operatingMargin": 0.2132940681531342,
"netMargin": 0.14556163230963398,
"grossMargin": 0.4291123264619268,
"eps_ttm": 3.303431028916655,
"epsEstimateCurrentYear": 0.0,
"epsEstimateNextYear": 2.54792,
"analystRating": null,
"operatingMargin_prior": 0.2139498432601881
}