{
"_schema": "tech_fund_panel_v1",
"revenueGrowth": 0.1365946306657769,
"epsGrowth": -0.4433443344334434,
"operatingMargin": 0.25524310472722367,
"netMargin": 0.22305392586598333,
"grossMargin": 0.5480027873311304,
"eps_ttm": 9.308630393996248,
"epsEstimateCurrentYear": 3.60862,
"epsEstimateNextYear": 3.47032,
"analystRating": null,
"operatingMargin_prior": 0.27473065621939274
}