{
"_schema": "tech_fund_panel_v1",
"revenueGrowth": -0.010877740106066973,
"epsGrowth": 5.203389830508475,
"operatingMargin": 0.11184507234844912,
"netMargin": 0.09215371303163748,
"grossMargin": 0.4589083046238471,
"eps_ttm": 3.699299401981754,
"epsEstimateCurrentYear": 5.13059,
"epsEstimateNextYear": 5.60366,
"analystRating": null,
"operatingMargin_prior": 0.19350345784669862
}