{
"_schema": "tech_fund_panel_v1",
"revenueGrowth": 0.3577400090339227,
"epsGrowth": -0.0694444444444445,
"operatingMargin": -0.2400510519988885,
"netMargin": -0.20689632389363424,
"grossMargin": 0.7845006856266084,
"eps_ttm": -1.5399826049568848,
"epsEstimateCurrentYear": 0.82,
"epsEstimateNextYear": -0.81155,
"analystRating": null,
"operatingMargin_prior": -0.2534506555026392
}