{
"_schema": "tech_fund_panel_v1",
"revenueGrowth": 0.27128905688579724,
"epsGrowth": 0.2814371257485031,
"operatingMargin": 0.3589145190701028,
"netMargin": 0.3189466896852965,
"grossMargin": 0.7703184461038196,
"eps_ttm": 2.1291307970008333,
"epsEstimateCurrentYear": 0.6875,
"epsEstimateNextYear": 0.866,
"analystRating": null,
"operatingMargin_prior": 0.37229557830995985
}