{
"_schema": "tech_fund_panel_v1",
"revenueGrowth": 0.21889901042167553,
"epsGrowth": -0.48913043478260876,
"operatingMargin": -0.3208549473772519,
"netMargin": -0.45015969590862875,
"grossMargin": 0.7493703047505288,
"eps_ttm": -1.3461045671743495,
"epsEstimateCurrentYear": -0.79009,
"epsEstimateNextYear": -0.72039,
"analystRating": null,
"operatingMargin_prior": -0.283149165936048
}