{
"_schema": "tech_fund_panel_v1",
"revenueGrowth": 0.24350315861798422,
"epsGrowth": 0.7373737373737373,
"operatingMargin": -0.28699030068619474,
"netMargin": -0.25205335742606044,
"grossMargin": 0.6447458316844251,
"eps_ttm": -0.480617202655324,
"epsEstimateCurrentYear": null,
"epsEstimateNextYear": null,
"analystRating": null,
"operatingMargin_prior": -0.14762610749728666
}