{
"_schema": "tech_fund_panel_v1",
"revenueGrowth": -0.051848356792915946,
"epsGrowth": -113.56818181818181,
"operatingMargin": -1.1811502161047902,
"netMargin": -1.55146324998972,
"grossMargin": 0.3705278291107044,
"eps_ttm": -80.94777268949785,
"epsEstimateCurrentYear": -0.58709,
"epsEstimateNextYear": -0.002964,
"analystRating": null,
"operatingMargin_prior": -4.60450665115772
}