{
"_schema": "tech_fund_panel_v1",
"revenueGrowth": 0.4658532304249225,
"epsGrowth": 0.0,
"operatingMargin": 0.04483097224984322,
"netMargin": 0.037014313799743535,
"grossMargin": 0.08393782518718135,
"eps_ttm": 2.0861876346315946,
"epsEstimateCurrentYear": 0.18267,
"epsEstimateNextYear": 0.236,
"analystRating": null,
"operatingMargin_prior": 0.037397858196784844
}