{
"_schema": "tech_fund_panel_v1",
"revenueGrowth": 0.15475092022650713,
"epsGrowth": 0.7964601769911505,
"operatingMargin": 0.12101579017542523,
"netMargin": -0.03845736271690063,
"grossMargin": 0.5155339898287652,
"eps_ttm": -0.43607991360691145,
"epsEstimateCurrentYear": 1.86344,
"epsEstimateNextYear": 2.17618,
"analystRating": null,
"operatingMargin_prior": 0.1191627555052796
}