{
"_schema": "tech_fund_panel_v1",
"revenueGrowth": 0.10385712141677923,
"epsGrowth": -1.423982869379015,
"operatingMargin": 0.4092839805825243,
"netMargin": 0.34185376213592233,
"grossMargin": 0.560376213592233,
"eps_ttm": 30.4527027027027,
"epsEstimateCurrentYear": 0.39583,
"epsEstimateNextYear": 2.70615,
"analystRating": null,
"operatingMargin_prior": 0.35537190082644626
}