{
"_schema": "tech_fund_panel_v1",
"revenueGrowth": 0.24052419354838708,
"epsGrowth": 16.352941176470587,
"operatingMargin": 0.05631399317406143,
"netMargin": 0.06391560657772262,
"grossMargin": 0.2623332299100217,
"eps_ttm": 0.7018739352640545,
"epsEstimateCurrentYear": -1.572,
"epsEstimateNextYear": -0.137,
"analystRating": null,
"operatingMargin_prior": 0.054500918554807105
}