{
"_schema": "tech_fund_panel_v1",
"revenueGrowth": -0.02606358428583064,
"epsGrowth": -0.7112561174551386,
"operatingMargin": 0.17818586231215755,
"netMargin": 0.12374545651820106,
"grossMargin": 0.6806000108501058,
"eps_ttm": 1.945415778251599,
"epsEstimateCurrentYear": 1.46143,
"epsEstimateNextYear": 1.91417,
"analystRating": null,
"operatingMargin_prior": 0.22293256341513715
}