{
"_schema": "tech_fund_panel_v1",
"revenueGrowth": 0.18279594342625857,
"epsGrowth": 0.02335456475583871,
"operatingMargin": 0.11660178441708421,
"netMargin": 0.15907016596196472,
"grossMargin": 0.4103041704695736,
"eps_ttm": 4.161414140134403,
"epsEstimateCurrentYear": -6.65286,
"epsEstimateNextYear": -3.86957,
"analystRating": null,
"operatingMargin_prior": 0.12348600863149102
}