{
"_schema": "tech_fund_panel_v1",
"revenueGrowth": 0.08386645341863255,
"epsGrowth": 2.3333333333333335,
"operatingMargin": 0.08156989089844036,
"netMargin": -0.04034561030973127,
"grossMargin": 0.5568572893021894,
"eps_ttm": -0.2375,
"epsEstimateCurrentYear": 0.3625,
"epsEstimateNextYear": 0.43182,
"analystRating": null,
"operatingMargin_prior": 0.0809639859193068
}