{
"_schema": "tech_fund_panel_v1",
"revenueGrowth": 0.05504816098388378,
"epsGrowth": 0.4793875147232038,
"operatingMargin": -0.00975634272760792,
"netMargin": -0.07343101518736485,
"grossMargin": 0.3192253850349886,
"eps_ttm": -2.603202519007757,
"epsEstimateCurrentYear": -0.124,
"epsEstimateNextYear": -0.2725,
"analystRating": null,
"operatingMargin_prior": 0.03135701595153972
}