{
"_schema": "tech_fund_panel_v1",
"revenueGrowth": 0.1309495619228037,
"epsGrowth": 0.3131313131313132,
"operatingMargin": 0.08898659966499163,
"netMargin": 0.07255025125628141,
"grossMargin": 0.7570142378559463,
"eps_ttm": 2.6523980663903273,
"epsEstimateCurrentYear": 1.79562,
"epsEstimateNextYear": 2.69755,
"analystRating": null,
"operatingMargin_prior": 0.10649671052631579
}