{
"_schema": "tech_fund_panel_v1",
"revenueGrowth": 0.5070444831407314,
"epsGrowth": 3.03448275862069,
"operatingMargin": 0.3078033455039484,
"netMargin": 0.5507344824658232,
"grossMargin": 0.45427528232996517,
"eps_ttm": 18.8,
"epsEstimateCurrentYear": 3.65014,
"epsEstimateNextYear": 2.30037,
"analystRating": null,
"operatingMargin_prior": 0.3191912495856811
}