{
"_schema": "tech_fund_panel_v1",
"revenueGrowth": 0.04358352161524986,
"epsGrowth": 0.9268292682926831,
"operatingMargin": 0.23078379771149546,
"netMargin": 0.39027277736939253,
"grossMargin": 0.7701603834562699,
"eps_ttm": 6.409573294643215,
"epsEstimateCurrentYear": 0.27165,
"epsEstimateNextYear": 2.90666,
"analystRating": null,
"operatingMargin_prior": 0.2524029646253359
}