{"roic": 0.17413201405753223, "roe": 2.0083482409063804, "fcf_yield": -0.005941508861324043, "revenue_growth": 0.17543512658227847, "debt_to_equity": 4.445161290322581, "operating_margin": 0.26936866718628216, "gross_margin": 1.0177708495713171, "pe_ratio": 27.7671377672209, "ev_to_ebitda": 13.81066533951711}