{"roic": -0.015726495726495725, "roe": 0.020015921755942228, "fcf_yield": -0.08382088784099252, "revenue_growth": -0.05421156806685727, "debt_to_equity": 2.3767060964513194, "operating_margin": 0.01871657754010695, "gross_margin": 0.43396884445477796, "pe_ratio": 80.35909090909091, "ev_to_ebitda": 17.6756242375}