{"roic": 0.0, "roe": 0.21994118567348767, "fcf_yield": 0.07456182366000846, "revenue_growth": -0.27966940073471314, "debt_to_equity": 0.0, "operating_margin": 1.0, "gross_margin": 1.0, "pe_ratio": 11.750492102719907, "ev_to_ebitda": 17.29655719473895}