{"roic": 1.1831249649828361, "roe": 0.049876854824450034, "fcf_yield": 0.24316346208126483, "revenue_growth": 0.929783687479881, "debt_to_equity": 3.7413072531458313, "operating_margin": 0.7112743164779343, "gross_margin": 0.9214702069483469, "pe_ratio": 10.430170299806447, "ev_to_ebitda": 13.158274342798334}