{"roic": -0.6392028981152994, "roe": -0.5968355791377251, "fcf_yield": -0.12294991297323989, "revenue_growth": -0.38244375827084254, "debt_to_equity": 0.027986423786876678, "operating_margin": -44.792142857142856, "gross_margin": -13.160714285714286, "pe_ratio": -6.43329269701258, "ev_to_ebitda": -6.639252938677241}