{"roic": -0.08605871457105482, "roe": -0.529548452952228, "fcf_yield": -0.07283978414510799, "revenue_growth": 1.5883668591078743, "debt_to_equity": 0.28295227381615723, "operating_margin": -0.7304935490477166, "gross_margin": 0.2278568502969486, "pe_ratio": -6.723255836932145, "ev_to_ebitda": -27.009434204406105}