{"roic": -0.5507800670711874, "roe": -0.42391840763283434, "fcf_yield": -0.0465890445799962, "revenue_growth": 1.2821260735699238, "debt_to_equity": 0.05469076473046385, "operating_margin": -3.486970105801321, "gross_margin": 0.36228076404175247, "pe_ratio": -24.707031790095822, "ev_to_ebitda": -22.654813041359894}