{"roic": 0.067180721476003, "roe": 0.08492191336738594, "fcf_yield": -0.053845292158273696, "revenue_growth": 1.1017662501159495, "debt_to_equity": 0.9708068096275843, "operating_margin": 0.37006482245043476, "gross_margin": 0.7191424632408736, "pe_ratio": 25.253902827656106, "ev_to_ebitda": 11.976099786314645}