{"roic": 0.08070368078014381, "roe": 0.41904669021437563, "fcf_yield": 0.02797798422729365, "revenue_growth": 0.11871826702317924, "debt_to_equity": 0.042518677844857786, "operating_margin": 0.09781662241426778, "gross_margin": 0.9169411248664262, "pe_ratio": 9.50614641943734, "ev_to_ebitda": 27.642878612628795}