{"roic": -0.07356281007258451, "roe": -0.41789344799111594, "fcf_yield": 0.014799826047677232, "revenue_growth": -0.11369756720982245, "debt_to_equity": 1.5078214421976346, "operating_margin": -0.08523019878463281, "gross_margin": 0.03651251416211762, "pe_ratio": -3.234426492232216, "ev_to_ebitda": 10.085319910786698}