{"roic": 0.07694653872046099, "roe": -0.4381925917716258, "fcf_yield": -0.11383947946195366, "revenue_growth": 0.05035125649857021, "debt_to_equity": 1.3634327523634298, "operating_margin": 0.11667110640966388, "gross_margin": 0.5620972713082449, "pe_ratio": -2.2774770762781142, "ev_to_ebitda": -7.341301488033238}