{"roic": 0.09956367121794578, "roe": 0.15433720586998614, "fcf_yield": 0.06698939600392423, "revenue_growth": 0.10380433146332407, "debt_to_equity": 0.5738230689931656, "operating_margin": 0.18747435761929604, "gross_margin": 0.4899078408575608, "pe_ratio": 19.90978275639951, "ev_to_ebitda": 11.09728377830707}