{"roic": 0.04403906894656222, "roe": 0.07786895422618564, "fcf_yield": -0.019850826300831254, "revenue_growth": 0.15239516287823576, "debt_to_equity": 0.2069011906940662, "operating_margin": 0.12141119194416121, "gross_margin": 0.4438732998339082, "pe_ratio": 36.08611041051043, "ev_to_ebitda": 18.868090405426724}