{"roic": -0.5769986250245531, "roe": -0.5204384082150437, "fcf_yield": -0.0886684399978602, "revenue_growth": -0.5819444444444445, "debt_to_equity": 0.02052734716051299, "operating_margin": -9.759136212624584, "gross_margin": 0.732813697929977, "pe_ratio": -8.332203177302343, "ev_to_ebitda": -7.498212175587553}