{"roic": -0.0950580809372377, "roe": -0.15096497204542575, "fcf_yield": 0.05601267681764421, "revenue_growth": 0.1921821343595603, "debt_to_equity": 0.44218644907990307, "operating_margin": -0.08318917965366256, "gross_margin": 0.6206980987511947, "pe_ratio": -13.740325667891323, "ev_to_ebitda": -73.19355957372467}