{"roic": 0.023968946566788173, "roe": 0.10997914722715411, "fcf_yield": 0.1650755586177331, "revenue_growth": 0.4412344609923495, "debt_to_equity": 7.654610044484541, "operating_margin": 0.36141756047184426, "gross_margin": 0.5471301957215242, "pe_ratio": 5.165751319995112, "ev_to_ebitda": 33.23610033903869}