{"roic": 0.16171973191547243, "roe": 0.26342173149244447, "fcf_yield": 0.04087623274662064, "revenue_growth": 0.179142820671021, "debt_to_equity": 0.9071484014891549, "operating_margin": 0.453726549778297, "gross_margin": 0.8689697013437502, "pe_ratio": 32.434922349763674, "ev_to_ebitda": 16.74292890525008}