{"roic": 0.27567835897926507, "roe": 0.34978128254724, "fcf_yield": 0.011383147929713037, "revenue_growth": 0.19631425663729266, "debt_to_equity": 0.16736151847816977, "operating_margin": 0.3752491801800566, "gross_margin": 0.5738563193269735, "pe_ratio": 17.038462213571087, "ev_to_ebitda": 12.313098052693023}