{"roic": -0.1309010662651845, "roe": -0.29998184953262547, "fcf_yield": -0.02227483027371204, "revenue_growth": 0.547723754868488, "debt_to_equity": 1.2824176276206276, "operating_margin": -0.2062380856103056, "gross_margin": 0.7423639593322165, "pe_ratio": -36.725390383031645, "ev_to_ebitda": -64.61984002147362}