{"roic": -0.018508650881829517, "roe": -0.3064577568427924, "fcf_yield": 0.05963250801719493, "revenue_growth": 0.1745784203225247, "debt_to_equity": 1.6802989782623603, "operating_margin": -0.014390015934571376, "gross_margin": 0.38286798295268437, "pe_ratio": -32.3140045120028, "ev_to_ebitda": 24.58977172121095}