{"roic": -0.08330003191293615, "roe": -0.08869672301503595, "fcf_yield": -0.003953399082007274, "revenue_growth": -0.10948684647678879, "debt_to_equity": 0.07223038791861203, "operating_margin": -0.34254778477516296, "gross_margin": 0.3072367694177439, "pe_ratio": -250.24383759635597, "ev_to_ebitda": -213.83576747272193}