{"roic": 0.0699866264714298, "roe": 0.12120904097480902, "fcf_yield": 0.008965883660926228, "revenue_growth": 0.031557324441528554, "debt_to_equity": 1.02464772494818, "operating_margin": 0.05963914700328864, "gross_margin": 0.3298932162278151, "pe_ratio": 14.9198254012074, "ev_to_ebitda": 7.939473137189256}