{"roic": -0.005466148508231715, "roe": -0.04020531051537032, "fcf_yield": -0.014457864362192267, "revenue_growth": 0.03726761601087923, "debt_to_equity": 0.47887294817540227, "operating_margin": -0.01392026001771188, "gross_margin": 0.12362436205275219, "pe_ratio": -42.232138000954194, "ev_to_ebitda": 14.971582397118938}