{"roic": -0.8780415634461878, "roe": 198.1307901907357, "fcf_yield": -0.11537355614263904, "revenue_growth": 0.9943739658025372, "debt_to_equity": 7.748316307226636, "operating_margin": -7.057746556778583, "gross_margin": -0.036506443940483434, "pe_ratio": -6.46188791374426, "ev_to_ebitda": 37.88887257755378}