{"roic": -0.414330322207402, "roe": -0.3410760930842188, "fcf_yield": -0.22972612806326503, "revenue_growth": 0.4803002904268727, "debt_to_equity": 0.032228398317577525, "operating_margin": -7.199733527131783, "gross_margin": 0.8207212936046512, "pe_ratio": -3.9169336388052147, "ev_to_ebitda": -3.3956638498211653}