{"roic": 0.07340467251811299, "roe": 0.10499622511270736, "fcf_yield": 0.03103545491229106, "revenue_growth": 0.16069804265067547, "debt_to_equity": 0.11236798318871498, "operating_margin": 0.10573790545847873, "gross_margin": 0.6088412160857081, "pe_ratio": 62.381319439879036, "ev_to_ebitda": 37.66568910029349}