{"roic": 0.060630374458742455, "roe": -0.046324452710057105, "fcf_yield": 0.12256046343896537, "revenue_growth": -0.0049426935195762, "debt_to_equity": 1.2530275352603317, "operating_margin": 0.07844312115496048, "gross_margin": 0.0645309690248108, "pe_ratio": -24.483957749958822, "ev_to_ebitda": 7.41018335475127}