{"roic": 0.03069928480922469, "roe": 0.008701839707733713, "fcf_yield": 0.02635326873768712, "revenue_growth": 0.03977005715784527, "debt_to_equity": 2.8643433326536853, "operating_margin": 0.2792761544390722, "gross_margin": 0.03477682012472847, "pe_ratio": 110.77230549607422, "ev_to_ebitda": 13.275985172770188}