{"roic": -0.6002579678467023, "roe": -0.5555430184258515, "fcf_yield": -0.09781833702652151, "revenue_growth": 0.25266757249293265, "debt_to_equity": 0.0, "operating_margin": -1.5169767494819302, "gross_margin": 0.43452475836963345, "pe_ratio": -2.9234073951328186, "ev_to_ebitda": -2.773563050290317}