{"roic": -0.7491973773456929, "roe": 3.616455465639718, "fcf_yield": 0.004005602072436311, "revenue_growth": 0.22269766474949762, "debt_to_equity": -0.6207627118644068, "operating_margin": -0.46950225987900085, "gross_margin": 0.9023080519701328, "pe_ratio": -36.418800884993956, "ev_to_ebitda": -46.59538071517523}