{"roic": 4.480251141115563, "roe": 2.999358081046383, "fcf_yield": -0.3756194869455374, "revenue_growth": -0.33636829772042226, "debt_to_equity": 2.4061372988478746, "operating_margin": -0.16716510083999978, "gross_margin": -0.26546623132301395, "pe_ratio": 1.0780660385124046, "ev_to_ebitda": 8.618978703190564}