{"roic": 0.0114511440988092, "roe": 0.02029979963013246, "fcf_yield": 0.025489295747548477, "revenue_growth": 0.14197820895273416, "debt_to_equity": 0.7261568797951717, "operating_margin": 0.12327930524850068, "gross_margin": 0.504510754723895, "pe_ratio": 61.687380530973456, "ev_to_ebitda": 12.368183749686944}