{"roic": -0.14048960691850668, "roe": 0.19525960178357304, "fcf_yield": -0.033191926034631065, "revenue_growth": 3.3691997310020176, "debt_to_equity": -0.07901525155834115, "operating_margin": -11.776667855868713, "gross_margin": 1.0, "pe_ratio": -38.13670734941532, "ev_to_ebitda": -31.714047844638262}