{"roic": 78.84935151313601, "roe": -0.04393018976885835, "fcf_yield": 0.05426610113764975, "revenue_growth": 0.037407630137678706, "debt_to_equity": 1.6347048626950096, "operating_margin": 0.026943835002060657, "gross_margin": 0.3087347572062353, "pe_ratio": -39.797475015296754, "ev_to_ebitda": 4.251548618825219}