{"roic": 0.09012063024289568, "roe": -4.183402881986556, "fcf_yield": 0.03629279734625739, "revenue_growth": 0.13311566916814724, "debt_to_equity": 5.0877720482099775, "operating_margin": 0.18609005070683585, "gross_margin": 0.36961462921759825, "pe_ratio": 49.36605079072281, "ev_to_ebitda": 15.262818769126985}