{"roic": 0.06632161473437552, "roe": 0.11498403483309144, "fcf_yield": 0.057169057450237426, "revenue_growth": 0.46056219926238023, "debt_to_equity": 0.03069338038040457, "operating_margin": 0.008374003754770983, "gross_margin": 0.12379914982062418, "pe_ratio": 210.06364754215895, "ev_to_ebitda": 51.7881877719396}