{"roic": 0.015840022935779817, "roe": 0.018457648546144123, "fcf_yield": -0.10920063481282241, "revenue_growth": 0.2133787814230933, "debt_to_equity": 1.7871884213347629, "operating_margin": 0.015345090959588945, "gross_margin": 0.7835717261491459, "pe_ratio": 60.35662602739726, "ev_to_ebitda": 9.4848624327957}