{"roic": -0.05654910972557835, "roe": -0.13960689217744168, "fcf_yield": 0.025571952711871352, "revenue_growth": 0.32886125164370716, "debt_to_equity": 0.9664296082060359, "operating_margin": -0.09311525568819898, "gross_margin": 0.5742252225909116, "pe_ratio": -34.52310166870821, "ev_to_ebitda": -228.35401226993864}