{"roic": -0.534513622353479, "roe": -0.5707353353390765, "fcf_yield": -0.28538340820893726, "revenue_growth": -1.0, "debt_to_equity": 0.2845847775704001, "operating_margin": 0.0, "gross_margin": 0.0, "pe_ratio": -2.4849320450425907, "ev_to_ebitda": -3.0651040146890973}