{"roic": -1.2435033286126334, "roe": -0.7264999690231699, "fcf_yield": -0.11938655243349271, "revenue_growth": 0.0, "debt_to_equity": 0.12251698490194061, "operating_margin": -18.374386694386693, "gross_margin": 0.9639501039501039, "pe_ratio": -10.83537057080037, "ev_to_ebitda": -7.359078253269205}