{"roic": 0.05236260286038221, "roe": 0.1640614534351844, "fcf_yield": 0.05810785163303364, "revenue_growth": 0.07592886775970471, "debt_to_equity": 1.3361228914725118, "operating_margin": 0.13398115310814152, "gross_margin": 0.6454107907744281, "pe_ratio": 17.709558049693005, "ev_to_ebitda": 10.994706982527264}