{"roic": -0.13253453201709378, "roe": -0.1300094510264603, "fcf_yield": 0.021079087810395778, "revenue_growth": 0.3715338844715918, "debt_to_equity": 0.022587842075088814, "operating_margin": -0.21122748283858286, "gross_margin": 0.5919242798859489, "pe_ratio": -40.73291600606341, "ev_to_ebitda": -42.76297929807303}