{"roic": -0.24799580475220312, "roe": -0.30288379665973025, "fcf_yield": -0.030266689093852966, "revenue_growth": -0.04670882248544047, "debt_to_equity": 0.004173360663305818, "operating_margin": -0.5673800921201423, "gross_margin": 0.35434536779104725, "pe_ratio": -20.282395536600752, "ev_to_ebitda": -23.42775306882591}