{"roic": 0.2706113128000937, "roe": 0.3545091444187513, "fcf_yield": -0.43298923567933073, "revenue_growth": 0.04565254895195377, "debt_to_equity": -4.293856871437619, "operating_margin": 0.381241106230279, "gross_margin": 0.7495720678916867, "pe_ratio": -1.1762563251106892, "ev_to_ebitda": 18.645205253978638}