{"roic": -0.49255822322759757, "roe": -0.5751731907736235, "fcf_yield": -0.09278486660123138, "revenue_growth": -1.0, "debt_to_equity": 0.019514576146813033, "operating_margin": 0.0, "gross_margin": 0.0, "pe_ratio": -10.460460342487996, "ev_to_ebitda": -7.700516425737355}