{"roic": -0.05884478746873762, "roe": -0.14671683858648868, "fcf_yield": 0.28640687690852995, "revenue_growth": -0.08490971689946414, "debt_to_equity": 1.2508869252117252, "operating_margin": -0.03465023261912322, "gross_margin": 0.25703799659320936, "pe_ratio": -8.547793776514597, "ev_to_ebitda": 15.679623289296734}