{"roic": 0.07523942087748099, "roe": 0.12763034118808866, "fcf_yield": 0.12441480921379544, "revenue_growth": -0.016503476249612344, "debt_to_equity": 0.831640265971945, "operating_margin": 0.19503477629127905, "gross_margin": 0.494601236027321, "pe_ratio": 10.239618733051971, "ev_to_ebitda": 7.500774604479145}