{"roic": -0.37511037829474325, "roe": -0.3289842067813677, "fcf_yield": 0.02394857119606971, "revenue_growth": 0.14682963992622097, "debt_to_equity": 0.02805018219168032, "operating_margin": -0.27972262284573807, "gross_margin": 0.7398511137333741, "pe_ratio": -11.771442156740946, "ev_to_ebitda": -11.875761399071868}