{"roic": -0.16787879326507474, "roe": -0.49736624328851003, "fcf_yield": -0.012426271989748112, "revenue_growth": 2.0211031571978317, "debt_to_equity": 0.3840678129364735, "operating_margin": -0.3303885715851036, "gross_margin": 0.11318842366218788, "pe_ratio": -62.60643601989825, "ev_to_ebitda": -142.18432526827291}