{"roic": 0.03488808107742144, "roe": 0.04235373893640794, "fcf_yield": -0.20025813344643872, "revenue_growth": 0.09164101590573176, "debt_to_equity": 1.801351664120724, "operating_margin": 0.06587613854680086, "gross_margin": 0.1573463636208748, "pe_ratio": 37.37649715472857, "ev_to_ebitda": 14.875347767851501}