{"roic": 0.07957547316143891, "roe": -1.2991999095304063, "fcf_yield": 0.05789471257587461, "revenue_growth": 0.08046043657794304, "debt_to_equity": -38.654038477837105, "operating_margin": 0.0971691616379867, "gross_margin": 0.3690449955667272, "pe_ratio": 30.61184655670163, "ev_to_ebitda": 14.508200018696247}