{"roic": 0.022691342106008434, "roe": 0.3703677422284793, "fcf_yield": 0.006404889785568126, "revenue_growth": 0.5299336029497593, "debt_to_equity": 0.02120386859301537, "operating_margin": 0.04875019702205479, "gross_margin": 0.305904712552092, "pe_ratio": 17.689252174579455, "ev_to_ebitda": 101.91461735242272}