{"roic": 0.14609120024401404, "roe": 18.13845099383139, "fcf_yield": 0.0068117470626830505, "revenue_growth": 1.570146801051709, "debt_to_equity": 7.810803547433486, "operating_margin": 0.2041576620929826, "gross_margin": 0.989671913828894, "pe_ratio": -140.2050816203144, "ev_to_ebitda": 43.919127592693286}