{"roic": 0.03320410165076654, "roe": 0.07439750192041132, "fcf_yield": -0.02083094125464494, "revenue_growth": -0.02208473816856033, "debt_to_equity": 0.8378852792343059, "operating_margin": 0.008463221850483534, "gross_margin": 0.06326992055902264, "pe_ratio": 28.11395735166592, "ev_to_ebitda": 11.77447788286379}