{"roic": 0.18858342338492495, "roe": 0.38978039525816305, "fcf_yield": 0.09962513058769319, "revenue_growth": 0.06420115479428774, "debt_to_equity": 0.8320387208445076, "operating_margin": 0.1341727727972547, "gross_margin": 0.586119417609202, "pe_ratio": 7.616123064540629, "ev_to_ebitda": 4.81751637153243}