{"roic": -1.949853449508815, "roe": 15.357408788615695, "fcf_yield": -0.18963676578770525, "revenue_growth": 2.331642871739186, "debt_to_equity": -2.55032755587403, "operating_margin": -0.3341898360653817, "gross_margin": 0.6162064681258134, "pe_ratio": -3.6212627020671846, "ev_to_ebitda": -5.481510562241466}