{"roic": 0.07702271581852585, "roe": 0.15546894935381822, "fcf_yield": 0.07023227814559449, "revenue_growth": 0.43782634738336135, "debt_to_equity": 0.6014066325888994, "operating_margin": 0.1257610095928528, "gross_margin": 0.6907589832526948, "pe_ratio": 21.25215110607219, "ev_to_ebitda": 8.278791589072037}