{"roic": -0.9098503672498097, "roe": -1.0133166645217828, "fcf_yield": -0.27119487769759293, "revenue_growth": 0.0, "debt_to_equity": 0.12379516933776837, "operating_margin": 0.0, "gross_margin": 0.0, "pe_ratio": -4.314957346751173, "ev_to_ebitda": -2.607014489672506}