{"roic": -0.043224590722984596, "roe": -0.12289888873849285, "fcf_yield": -0.032302794830105654, "revenue_growth": 0.0591655839117324, "debt_to_equity": 0.03817687061536357, "operating_margin": -0.058938623642807886, "gross_margin": 0.22472637461491246, "pe_ratio": -12.416476989959431, "ev_to_ebitda": 39.823234025074115}