{"roic": 0.22180686077954573, "roe": 0.6937648492637423, "fcf_yield": 0.06476663542528269, "revenue_growth": 0.07634542841261303, "debt_to_equity": 0.7143846686677442, "operating_margin": 0.33743504783210965, "gross_margin": 0.7289584241092042, "pe_ratio": 8.642704049480301, "ev_to_ebitda": 5.417714975923342}