{"roic": 0.0512529333740415, "roe": 0.055015548455503355, "fcf_yield": 0.10398171572855013, "revenue_growth": -0.013330371339072895, "debt_to_equity": 0.5635138847644743, "operating_margin": 0.17886399327096134, "gross_margin": 0.37429923547812, "pe_ratio": 18.15648998654228, "ev_to_ebitda": 11.374143145906086}