{"roic": 0.0004446440654979421, "roe": -0.02724515669279594, "fcf_yield": 0.03781290432211999, "revenue_growth": 0.17813789459695117, "debt_to_equity": -7.349881897303853, "operating_margin": 0.0008377617317594235, "gross_margin": 0.7468377589804893, "pe_ratio": 1350.8461476074615, "ev_to_ebitda": 50.775503094678236}