{"roic": 0.03309678866379951, "roe": 0.042976868524630535, "fcf_yield": 0.060296067873776366, "revenue_growth": -0.04040685146442263, "debt_to_equity": 0.3576204445149185, "operating_margin": 0.021551674015993103, "gross_margin": 0.04092143556430729, "pe_ratio": 50.252406768102986, "ev_to_ebitda": 14.429708529032606}