{"roic": 0.1061202303636721, "roe": 0.10146192703027886, "fcf_yield": 0.17517097689327013, "revenue_growth": 0.06005073354796925, "debt_to_equity": 1.3429244449399662, "operating_margin": 0.08909294710482787, "gross_margin": 0.9753803520020037, "pe_ratio": 10.51992453041359, "ev_to_ebitda": 5.990474231589012}