{"roic": -0.09475134134638513, "roe": -0.3811074170224916, "fcf_yield": -0.02222427204618865, "revenue_growth": 0.22092831557334053, "debt_to_equity": 1.401299942135081, "operating_margin": -0.08749786639044704, "gross_margin": 0.9193273459767723, "pe_ratio": -29.133361421977263, "ev_to_ebitda": -53.3221130305457}