{"roic": 0.06483480781722122, "roe": 0.17321910906357346, "fcf_yield": 0.05514332909017923, "revenue_growth": 0.08505578208600849, "debt_to_equity": 1.3881830006599272, "operating_margin": 0.06444647779690289, "gross_margin": 0.38853063538719657, "pe_ratio": 15.857154090341384, "ev_to_ebitda": 7.662344239092869}