{"roic": 0.03956421103560098, "roe": 0.0688449454092705, "fcf_yield": 0.018812079658326653, "revenue_growth": 0.01276782570642126, "debt_to_equity": 4.502787171998788, "operating_margin": 0.5602597365971967, "gross_margin": 0.6621154008855298, "pe_ratio": 12.096933038848103, "ev_to_ebitda": 19.341610340522852}