{"roic": 0.026588690223917102, "roe": 0.06229415252809797, "fcf_yield": 0.08623289967323688, "revenue_growth": -0.12465594788433573, "debt_to_equity": 10.759856660104182, "operating_margin": 0.014368341294158113, "gross_margin": 0.11849276330086161, "pe_ratio": 33.62891311994372, "ev_to_ebitda": 17.192117702863612}