{"roic": 0.04184804918832455, "roe": 0.12471799328197329, "fcf_yield": 0.04202297796785696, "revenue_growth": 0.03603739386086133, "debt_to_equity": 0.052745206936741736, "operating_margin": 0.011469930870569831, "gross_margin": 0.4399061396531626, "pe_ratio": 103.2018451025057, "ev_to_ebitda": 78.58192586580087}