{"roic": 0.11071121823704681, "roe": 0.13657322779539194, "fcf_yield": 0.100690231933732, "revenue_growth": -0.10368610712261322, "debt_to_equity": 0.2877240061625599, "operating_margin": 0.1441631803018854, "gross_margin": 0.23941650233141046, "pe_ratio": 13.648522079472455, "ev_to_ebitda": 6.173300361722906}