{"roic": -0.04020254163447153, "roe": -0.10261545112399552, "fcf_yield": -0.0021609649771813775, "revenue_growth": 0.9134434370261827, "debt_to_equity": 0.033069627768776484, "operating_margin": -0.032512391244229825, "gross_margin": 0.9024255993533153, "pe_ratio": -185.53130846911594, "ev_to_ebitda": 1095.2577098366883}