{"roic": 0.04519657217349757, "roe": 0.11470636315215951, "fcf_yield": 0.06105298401074383, "revenue_growth": 4.440846679060616, "debt_to_equity": 7.900575261529193, "operating_margin": 0.8474465153938183, "gross_margin": 0.9577440392509134, "pe_ratio": 8.815386313741143, "ev_to_ebitda": 27.155014832178843}