{"roic": 0.06858066340458126, "roe": -0.15432773556141202, "fcf_yield": 0.06651831886148254, "revenue_growth": 0.40219609590230254, "debt_to_equity": 2.942505030953807, "operating_margin": 0.0583596349622043, "gross_margin": 0.22065100327767745, "pe_ratio": -22.926690533167417, "ev_to_ebitda": 43.4820042934714}