{"roic": -0.20024250822795772, "roe": -0.142523261454337, "fcf_yield": -0.4101274190172767, "revenue_growth": -0.0030372057706909645, "debt_to_equity": 0.019589767227471768, "operating_margin": -0.44021325209444023, "gross_margin": 0.9954303122619954, "pe_ratio": -8.441819306930693, "ev_to_ebitda": -5.5218697125256675}