{"roic": -0.5363508863484401, "roe": -0.9411917011373778, "fcf_yield": 0.051004349997303, "revenue_growth": 0.09246058717238864, "debt_to_equity": 1.3534846902028979, "operating_margin": -0.24953149065636832, "gross_margin": 0.8902904125664196, "pe_ratio": -8.814232319705436, "ev_to_ebitda": -10.654097100679218}