{"roic": 0.06446598123768675, "roe": 0.10044205831549394, "fcf_yield": 0.13378339353077087, "revenue_growth": 0.16834170615528316, "debt_to_equity": 0.8823841426911293, "operating_margin": 0.24647697435576102, "gross_margin": 0.5940759725992509, "pe_ratio": 9.442232518681783, "ev_to_ebitda": 13.01738358907146}