{"roic": 0.018918263400436574, "roe": -0.3754320659399096, "fcf_yield": 0.14455967141787301, "revenue_growth": -0.13677236157122574, "debt_to_equity": 0.7920685959271169, "operating_margin": 0.04311774461028192, "gross_margin": 0.25207296849087896, "pe_ratio": -3.3607968897167138, "ev_to_ebitda": 9.531854902173913}