{"roic": 0.04087731704041426, "roe": 0.06063081338488621, "fcf_yield": 0.009413794411967824, "revenue_growth": 0.0030812681171119107, "debt_to_equity": 0.4694387745088418, "operating_margin": 0.04172620091667964, "gross_margin": 0.10835463427740694, "pe_ratio": 13.868038010388346, "ev_to_ebitda": 7.231163903005889}