{"roic": 0.09032911489298866, "roe": 0.18070347006029236, "fcf_yield": 0.0639827522801662, "revenue_growth": 0.020218254135452394, "debt_to_equity": 0.6501210982708208, "operating_margin": 0.0846107667507955, "gross_margin": 0.34783892197031296, "pe_ratio": 9.440990158399865, "ev_to_ebitda": 7.088636192568015}