{"roic": -0.05490630282408983, "roe": -1.0863877036449998, "fcf_yield": -0.015327295399867446, "revenue_growth": 0.570958904109589, "debt_to_equity": 0.004802813858141946, "operating_margin": -12.831521421065087, "gross_margin": 0.9633092536660212, "pe_ratio": -1.7690244643536452, "ev_to_ebitda": -33.4725813351961}