{"roic": 0.028773008373075806, "roe": 0.029340472191496585, "fcf_yield": 0.05533414071143922, "revenue_growth": 0.5638763553432226, "debt_to_equity": 1.3834754924668706, "operating_margin": 0.024680586792516876, "gross_margin": 0.09728446915743806, "pe_ratio": 76.38485527460311, "ev_to_ebitda": 20.151269556633398}