{"roic": -0.12233873624175194, "roe": -17.604519080219813, "fcf_yield": 0.001758460601021943, "revenue_growth": 0.249513540736671, "debt_to_equity": 17.206916650476007, "operating_margin": -0.10295162630618133, "gross_margin": 0.6710510289142909, "pe_ratio": -10.91789450187642, "ev_to_ebitda": -46.34829553983669}