{"roic": 0.0815415153878459, "roe": 0.21185306153451763, "fcf_yield": 0.02667321774644725, "revenue_growth": 0.11028445218879922, "debt_to_equity": 0.9923744662352776, "operating_margin": 0.1732015229443591, "gross_margin": 0.7950070135595485, "pe_ratio": 43.119682472101466, "ev_to_ebitda": 28.88726885173292}