{"roic": 0.20838429869864, "roe": 0.3978279746107843, "fcf_yield": -0.048725248402153844, "revenue_growth": 0.43903602958721066, "debt_to_equity": 0.03337981191009998, "operating_margin": 14.074679703304113, "gross_margin": 1.0, "pe_ratio": 11.392655969528915, "ev_to_ebitda": -21.77115996221937}