{"roic": 0.0616510759767727, "roe": -0.03275847832061652, "fcf_yield": 0.07844954890632908, "revenue_growth": -0.10982797598915446, "debt_to_equity": 0.6589573533911632, "operating_margin": 0.06788183024110488, "gross_margin": 0.21117217321354675, "pe_ratio": -53.39509405568097, "ev_to_ebitda": 23.53208923374158}