{"roic": 0.16397588461273468, "roe": 0.5884320557491289, "fcf_yield": 0.03674373209906418, "revenue_growth": 0.056720172496406325, "debt_to_equity": 2.4736059479553902, "operating_margin": 0.1730674409686079, "gross_margin": 0.28822659288884017, "pe_ratio": 20.351681667456184, "ev_to_ebitda": 14.443806766959979}