{"roic": -0.014670533884469763, "roe": -0.02425999389685688, "fcf_yield": 0.032859180968676675, "revenue_growth": 0.1487641492605957, "debt_to_equity": 0.17892201205443808, "operating_margin": -0.01580272689176245, "gross_margin": 0.7483593001676245, "pe_ratio": -121.57068134171907, "ev_to_ebitda": 118.41982416084512}