{"roic": 0.12294416823858276, "roe": 0.14916106743214236, "fcf_yield": 0.017169734733763684, "revenue_growth": 0.08385695212376765, "debt_to_equity": 2.701100846695318, "operating_margin": 0.08863185049087838, "gross_margin": 0.29944277299890504, "pe_ratio": 93.33533192547428, "ev_to_ebitda": 44.06060699277443}