{"roic": 0.03847115423598254, "roe": 0.07250187828700225, "fcf_yield": 0.1395421761990716, "revenue_growth": 0.013415892672858616, "debt_to_equity": 1.2462163159837578, "operating_margin": 0.18024439918533605, "gross_margin": 0.5458248472505092, "pe_ratio": 17.1773425226943, "ev_to_ebitda": 10.272157510703364}