{"roic": 0.16275820702927835, "roe": 9.530896615984075, "fcf_yield": 0.08753801362428883, "revenue_growth": 0.20187295073464837, "debt_to_equity": 6.907950694483727, "operating_margin": 0.10906670601130446, "gross_margin": 0.33090347316434043, "pe_ratio": 5.9782382217798204, "ev_to_ebitda": 9.425120099065795}