{"roic": -0.5778386788092619, "roe": -0.624846308540126, "fcf_yield": -0.11548196292378618, "revenue_growth": 0.0, "debt_to_equity": 4.5569356560685366e-05, "operating_margin": 0.0, "gross_margin": 0.0, "pe_ratio": -6.935886271255742, "ev_to_ebitda": -7.821409624822646}