{"roic": -0.06645808609342971, "roe": -0.0856269113149847, "fcf_yield": 0.03744618472822222, "revenue_growth": 0.019482407676650187, "debt_to_equity": 0.16589565664353637, "operating_margin": -0.08784940102681119, "gross_margin": 0.497718197375927, "pe_ratio": -16.851605301914578, "ev_to_ebitda": -61.04026061538461}