{"roic": 0.030198571456373308, "roe": 0.034838833175587294, "fcf_yield": 0.0578420005822352, "revenue_growth": 0.006110356746080731, "debt_to_equity": 0.8099991576109847, "operating_margin": 0.06410649653395498, "gross_margin": 0.3165449972394332, "pe_ratio": 41.11374847374847, "ev_to_ebitda": 11.102002063123695}