{"roic": 0.0530061206468885, "roe": 0.05768560474032764, "fcf_yield": 0.039146012384753744, "revenue_growth": 0.1267514375961772, "debt_to_equity": 0.3404327824160845, "operating_margin": 0.053683737646001796, "gross_margin": 0.12039532794249776, "pe_ratio": 29.473132191238673, "ev_to_ebitda": 10.866618283796742}