{"roic": 0.05557041877989534, "roe": 0.0796249283526662, "fcf_yield": 0.036469044748165196, "revenue_growth": 0.26934901144389106, "debt_to_equity": 0.02078341504786933, "operating_margin": 0.07874907329492226, "gross_margin": 0.7406393847870187, "pe_ratio": 63.11516336676342, "ev_to_ebitda": 38.223709215167545}