{"roic": -0.03396212206784894, "roe": -0.20735871944305267, "fcf_yield": 0.003881322372171913, "revenue_growth": 0.2021479891959987, "debt_to_equity": 0.08431913989738897, "operating_margin": -0.03788244681968039, "gross_margin": 0.7501270447911635, "pe_ratio": -70.99101176739899, "ev_to_ebitda": 393.3128177028451}