{"roic": 0.04389313439759792, "roe": -0.03394408856684755, "fcf_yield": 0.02695765783927204, "revenue_growth": 0.035527196886204156, "debt_to_equity": 0.06351875868889781, "operating_margin": -0.013010883846275332, "gross_margin": 0.4530052369479531, "pe_ratio": -19.788148641403048, "ev_to_ebitda": 17.008936862599665}