{"roic": 0.007388660494649845, "roe": 0.07073312227426218, "fcf_yield": 0.08191051487174957, "revenue_growth": -0.033112706563904505, "debt_to_equity": 0.9864904036387317, "operating_margin": 0.19187960115347702, "gross_margin": 0.5984477425767231, "pe_ratio": 11.676412715225363, "ev_to_ebitda": 15.636864790463564}