{"roic": -8.80441119178212e-06, "roe": -4.968928771735791e-05, "fcf_yield": 1.2193775228715813, "revenue_growth": 0.007121032162215242, "debt_to_equity": 0.9187765455258079, "operating_margin": -0.01814272667309351, "gross_margin": 99.10582982393831, "pe_ratio": -281.2137950138505, "ev_to_ebitda": 7196.859875360533}