{"roic": 0.012662488519271048, "roe": 0.10659213231459665, "fcf_yield": 0.11112093549549353, "revenue_growth": -0.009479893150254434, "debt_to_equity": 0.11643701878437981, "operating_margin": 0.3064660856550186, "gross_margin": 0.8029670586497231, "pe_ratio": 10.939361463190917, "ev_to_ebitda": 8.786157926171393}