{"roic": 0.01103157448488955, "roe": -0.04461055252998512, "fcf_yield": -0.035261655321551004, "revenue_growth": 0.10523456879537924, "debt_to_equity": 1.591477996388176, "operating_margin": 0.02266782435849129, "gross_margin": 0.19864790332181104, "pe_ratio": -144.69653378038342, "ev_to_ebitda": 42.090273330475085}