{"roic": -0.1147764771936005, "roe": -0.6972093384595586, "fcf_yield": -0.0311956771855726, "revenue_growth": -0.19315452867868246, "debt_to_equity": 0.03976007975550362, "operating_margin": -0.6532834137477286, "gross_margin": 0.22305595588696034, "pe_ratio": -5.053987535469559, "ev_to_ebitda": -6.273613036725906}