{"roic": 0.05526479711408635, "roe": 0.08688858180218596, "fcf_yield": 0.2589054132078886, "revenue_growth": 0.19002118573143378, "debt_to_equity": 1.232126456686672, "operating_margin": 0.6494811621270171, "gross_margin": 0.8035223375195273, "pe_ratio": 9.523041882008968, "ev_to_ebitda": 18.904047402671164}