{"roic": 0.12469549956944347, "roe": 0.23664992236336985, "fcf_yield": 0.059577103188489834, "revenue_growth": 0.08367357459081493, "debt_to_equity": 0.10146473029045643, "operating_margin": 0.05011940678772359, "gross_margin": 0.21036315466121852, "pe_ratio": 14.635506171025565, "ev_to_ebitda": 9.035920652419012}