{"roic": 0.0035860345976824505, "roe": 0.03677458696986358, "fcf_yield": 0.022189478906349574, "revenue_growth": 0.18017893575379945, "debt_to_equity": 0.4642098450922456, "operating_margin": 0.11094611008694764, "gross_margin": 0.5342668630657279, "pe_ratio": 30.189311483772222, "ev_to_ebitda": 29.023432992250715}