{"roic": 0.20959826716756352, "roe": -0.4422487223168654, "fcf_yield": 0.22359753773316113, "revenue_growth": -0.002189681127685781, "debt_to_equity": -3.8733385457388585, "operating_margin": 0.1544369770950487, "gross_margin": 0.4372514058428199, "pe_ratio": 6.263578679106318, "ev_to_ebitda": 5.605098152421653}