{"roic": -0.38595899415123447, "roe": -0.3248968873370879, "fcf_yield": -0.0902338048493165, "revenue_growth": 0.0, "debt_to_equity": 0.004259537877504658, "operating_margin": 0.0, "gross_margin": 0.0, "pe_ratio": -8.662070321420805, "ev_to_ebitda": -7.226494421799317}