{"roic": 0.939447047324647, "roe": -0.7645025978531946, "fcf_yield": 0.1702836057891331, "revenue_growth": 0.9410111113083299, "debt_to_equity": -4.006017473332606, "operating_margin": 0.3897743236740101, "gross_margin": 0.9773626401261035, "pe_ratio": 7.347827492505522, "ev_to_ebitda": 6.594087745017108}