{"roic": 0.04425656804409164, "roe": 0.08721146900229076, "fcf_yield": 0.0948823770710883, "revenue_growth": 0.12362479918075142, "debt_to_equity": 1.3162545529393865, "operating_margin": 0.511361023432764, "gross_margin": 0.7687786115930517, "pe_ratio": 9.149871805257403, "ev_to_ebitda": 0.0}