{"roic": 0.1066296326565046, "roe": 0.18838433790264264, "fcf_yield": 0.04059066641324998, "revenue_growth": 0.10329832152163834, "debt_to_equity": 1.0524021415415887, "operating_margin": 0.12313094877540094, "gross_margin": 0.35754230439644197, "pe_ratio": 18.725246817574764, "ev_to_ebitda": 11.618009351496346}