{"roic": 0.023590230239116543, "roe": -0.24688074326508372, "fcf_yield": 0.12073916056232528, "revenue_growth": -0.04166625454732482, "debt_to_equity": 3.620439785214207, "operating_margin": 0.012583122083838496, "gross_margin": 0.4176739287507501, "pe_ratio": -2.617314293580727, "ev_to_ebitda": 25.858627421978994}