{"roic": -0.2743395924227409, "roe": -0.07314709591846393, "fcf_yield": -0.11414539666502581, "revenue_growth": 1.2000535281337574, "debt_to_equity": 0.23731586504064253, "operating_margin": -2.74570461490021, "gross_margin": -1.2613726626736224, "pe_ratio": -39.48298937393739, "ev_to_ebitda": -42.08010749459525}