{"roic": -0.18103382536973073, "roe": -0.7351659247986311, "fcf_yield": -0.08712623269642687, "revenue_growth": 1.3599257884972171, "debt_to_equity": 0.11216578393210389, "operating_margin": -10.463471473495058, "gross_margin": 0.6418463611859838, "pe_ratio": -4.994128314766574, "ev_to_ebitda": -2.9626524921684454}