{"roic": 0.06451369041189425, "roe": 0.14070802843655075, "fcf_yield": 0.05950981298856202, "revenue_growth": 0.09217900285665036, "debt_to_equity": 1.3143073462003403, "operating_margin": 0.10731618311602828, "gross_margin": 0.23679577644920247, "pe_ratio": 23.73924232999855, "ev_to_ebitda": 14.525966005582417}