{"roic": 0.02514792899408284, "roe": 0.17084126379901027, "fcf_yield": 0.6295779403967771, "revenue_growth": -0.02063359733222176, "debt_to_equity": 1.1663157894736842, "operating_margin": 0.13997879109225875, "gross_margin": 0.6398727465535525, "pe_ratio": 6.5107878787878795, "ev_to_ebitda": 5.131212675938804}