{"roic": -0.35548406247544545, "roe": -0.36790772932024174, "fcf_yield": -0.013350217042770859, "revenue_growth": 0.18955347567514869, "debt_to_equity": 0.10331970170796247, "operating_margin": -0.791276380737689, "gross_margin": 0.4920614870379727, "pe_ratio": -18.28051551191702, "ev_to_ebitda": -19.093085255427088}