{"roic": 0.03714729474487557, "roe": 0.031031398996562896, "fcf_yield": 0.028641909825698024, "revenue_growth": 0.001130602894087395, "debt_to_equity": 0.2775428385382229, "operating_margin": 0.04108075651181088, "gross_margin": 0.10101256218979052, "pe_ratio": 88.2891823201192, "ev_to_ebitda": 19.181676583383236}