{"roic": 0.0018193902135083492, "roe": 0.07203759930125192, "fcf_yield": -0.02847107111615376, "revenue_growth": 0.42160677500572213, "debt_to_equity": 0.4661643026004728, "operating_margin": 0.07436460621273926, "gross_margin": 0.3598995920928773, "pe_ratio": 8.271970323325634, "ev_to_ebitda": 2.1574822124600637}