{"roic": -2.2216069123998174, "roe": -6.888879564749157, "fcf_yield": -0.5984924718217466, "revenue_growth": 0.0, "debt_to_equity": 5.355238899984637, "operating_margin": 0.0, "gross_margin": 0.0, "pe_ratio": -1.5665579057878625, "ev_to_ebitda": -1.4364133850327918}