{"roic": -0.015798268106739344, "roe": -0.0062584896323974225, "fcf_yield": 0.08999570782717864, "revenue_growth": 0.13362404392592617, "debt_to_equity": 0.5097655280314826, "operating_margin": -0.057984069361807965, "gross_margin": 0.805802015234752, "pe_ratio": -163.35297550700096, "ev_to_ebitda": 43.6943034041864}