{"roic": -0.33376381839046554, "roe": -0.27855750032614435, "fcf_yield": -0.13631092119538318, "revenue_growth": 0.0, "debt_to_equity": 0.02043734446850039, "operating_margin": -10.314619232907171, "gross_margin": 0.9923290717065036, "pe_ratio": -7.4848164017120515, "ev_to_ebitda": -5.110476583754372}