{"roic": -0.010348861312286808, "roe": 0.579936092538534, "fcf_yield": 0.03649154541496292, "revenue_growth": 0.06940681114556761, "debt_to_equity": -9.206849315068494, "operating_margin": 0.6121157224026372, "gross_margin": 0.6347466306872094, "pe_ratio": -6.607724103285518, "ev_to_ebitda": 6.703604136872014}