{"roic": 0.05312205339506244, "roe": 0.13187466395034977, "fcf_yield": 0.052071377354194655, "revenue_growth": 0.030814070855270236, "debt_to_equity": 1.3401621549292313, "operating_margin": 0.03309923480801586, "gross_margin": 0.7474902188937951, "pe_ratio": 16.82905671201442, "ev_to_ebitda": 9.933267097050496}