{"roic": 0.0028628648619265593, "roe": -5.237760076564945, "fcf_yield": 0.00484438238920978, "revenue_growth": 0.047736667459047914, "debt_to_equity": -148.9065314057158, "operating_margin": 0.0054935296544039594, "gross_margin": 0.2064110486283136, "pe_ratio": -12.77369817124237, "ev_to_ebitda": 25.35624989316267}