{"roic": -0.1401192631497183, "roe": -0.7777737803004935, "fcf_yield": -0.033749361699079446, "revenue_growth": 0.04390114895242573, "debt_to_equity": 0.1635415019762846, "operating_margin": -0.44007506450856204, "gross_margin": 0.38403940886699506, "pe_ratio": -18.089718189581554, "ev_to_ebitda": -52.01223335748209}