{"roic": 0.007560505837714845, "roe": 0.09017718067647486, "fcf_yield": 0.10452711671991892, "revenue_growth": 0.058365209006106394, "debt_to_equity": 0.6878841148359314, "operating_margin": 0.1690676738824826, "gross_margin": 0.503446213403851, "pe_ratio": 13.047841801770643, "ev_to_ebitda": 14.424730457576768}