{"roic": 0.020369078776810004, "roe": 0.10000010139353831, "fcf_yield": -0.021434772127981172, "revenue_growth": 0.48155591947463317, "debt_to_equity": 0.23877231483725142, "operating_margin": 0.08160328197806448, "gross_margin": 0.5420789445685711, "pe_ratio": 16.70768979402648, "ev_to_ebitda": 8.759729744188657}