{"roic": 0.01452992741742539, "roe": 0.0657065368865639, "fcf_yield": 0.07591397514051355, "revenue_growth": 0.07207776702952233, "debt_to_equity": 2.829321208692669, "operating_margin": 0.04766520993622462, "gross_margin": 0.7520826581499571, "pe_ratio": 82.47911126519293, "ev_to_ebitda": 24.344086437177932}