{"roic": 0.31059554141172213, "roe": 0.5527197445853239, "fcf_yield": 0.08188571759287651, "revenue_growth": 0.09868582211090937, "debt_to_equity": 0.3285354205359512, "operating_margin": 0.11458663346030276, "gross_margin": 0.20971299483562783, "pe_ratio": 15.397062821107633, "ev_to_ebitda": 9.432329807865427}