{"roic": 0.1509362185495013, "roe": 1.7900407604822848, "fcf_yield": 0.16937799717744784, "revenue_growth": -0.023479115011315495, "debt_to_equity": 34.33298605081901, "operating_margin": 0.19478611773775353, "gross_margin": 0.5918601904785319, "pe_ratio": 12.104804615428167, "ev_to_ebitda": 9.095626184566251}