{"roic": 0.026077265173709695, "roe": 0.013018694845798567, "fcf_yield": 0.004408925009061114, "revenue_growth": 0.9996591996434704, "debt_to_equity": 0.22681496755917976, "operating_margin": 0.05251514215276732, "gross_margin": 0.683217968100953, "pe_ratio": 1092.1262969076922, "ev_to_ebitda": 172.8726796713462}