{"roic": -0.025835167022194575, "roe": 0.022636521280308672, "fcf_yield": 0.19179565990106237, "revenue_growth": 0.0013975534587612882, "debt_to_equity": 9.195784197936463, "operating_margin": 0.009394094432855847, "gross_margin": 0.5574596132048667, "pe_ratio": 61.24400631297802, "ev_to_ebitda": 15.992726680018425}