{"roic": 0.1582170923797412, "roe": 0.18761366995865764, "fcf_yield": 0.047492796156967554, "revenue_growth": 0.10901231371543195, "debt_to_equity": 0.0, "operating_margin": 0.18864896752530586, "gross_margin": 0.4136812794054837, "pe_ratio": 27.292368020770308, "ev_to_ebitda": 16.828294482374602}