{"roic": 0.03947817913200539, "roe": 0.04427831779679377, "fcf_yield": 0.08463856398916429, "revenue_growth": 0.04641797371767698, "debt_to_equity": 0.9264294061110612, "operating_margin": 0.5066717580375751, "gross_margin": 0.2407891340474052, "pe_ratio": 29.16291150097466, "ev_to_ebitda": 15.886079621631517}