{"roic": 0.07356322418322407, "roe": 0.20605393118881773, "fcf_yield": 0.05746404228609591, "revenue_growth": 0.009990129885134173, "debt_to_equity": 2.699450703315167, "operating_margin": 0.0666313963068679, "gross_margin": 0.46763960923859904, "pe_ratio": 16.412079130701784, "ev_to_ebitda": 13.983894416645281}