{"roic": 0.29224629730112894, "roe": 0.12118620481998435, "fcf_yield": 0.0690070064763488, "revenue_growth": 0.05248429346833633, "debt_to_equity": 0.04918301508225927, "operating_margin": 0.28265061986635204, "gross_margin": 0.6936395724073043, "pe_ratio": 14.45632084030472, "ev_to_ebitda": 8.782889305155003}