{"roic": 0.11190447059886825, "roe": 1.156521838398137, "fcf_yield": 0.1011876939365099, "revenue_growth": 0.07991982607578912, "debt_to_equity": -3.422760777604769, "operating_margin": 0.0706636551361517, "gross_margin": 0.7921882552008787, "pe_ratio": 35.320709413773706, "ev_to_ebitda": 29.231381428348}