{"roic": 0.3377814602181365, "roe": -0.47886955384011515, "fcf_yield": 0.12240684883423465, "revenue_growth": 0.16050495942290352, "debt_to_equity": -2.319561386332485, "operating_margin": 0.13890564411891426, "gross_margin": 0.3141318397242568, "pe_ratio": 11.212896174863387, "ev_to_ebitda": 9.633233039607}