{"roic": 0.00839543711355173, "roe": -0.0330713607471732, "fcf_yield": 0.09604930453553441, "revenue_growth": -0.0449720058983457, "debt_to_equity": 2.8474090278216573, "operating_margin": 0.1406182042236505, "gross_margin": 0.41237374957715167, "pe_ratio": -23.362384805006002, "ev_to_ebitda": 137.84112066865472}