{"roic": -0.18629632955942363, "roe": -0.22841400092035774, "fcf_yield": 0.02274537246510241, "revenue_growth": 0.24396622908275897, "debt_to_equity": 0.13250781141035034, "operating_margin": -0.1798431823046349, "gross_margin": 0.6714563617102557, "pe_ratio": -19.47777647444149, "ev_to_ebitda": -21.87495528840558}