{"roic": 0.07775884877298098, "roe": -0.1198417781165793, "fcf_yield": -1121.1699159564578, "revenue_growth": -0.30654421104054713, "debt_to_equity": 0.18531454805644343, "operating_margin": 0.7740170436049103, "gross_margin": 0.43296947327933927, "pe_ratio": -6.337194295514362, "ev_to_ebitda": 3.5127592288272416}