{"roic": -0.0026906549937753504, "roe": -0.01472573663479338, "fcf_yield": 0.06911581218123929, "revenue_growth": -0.08855949205749758, "debt_to_equity": 0.14461033819703653, "operating_margin": -0.003470154085200052, "gross_margin": 0.08248090120419527, "pe_ratio": -60.68298676748583, "ev_to_ebitda": 7.897198454636092}