{"roic": 0.0081225362735958, "roe": 0.029183830963836244, "fcf_yield": 0.010160212641650157, "revenue_growth": 0.46323267288603315, "debt_to_equity": 0.07628020452017155, "operating_margin": 0.10240621030724295, "gross_margin": 0.7745187667477075, "pe_ratio": 148.1364768126897, "ev_to_ebitda": 32.88042942396012}