{"roic": 0.011933110313006505, "roe": 0.08836066726296866, "fcf_yield": 0.07547879673757817, "revenue_growth": 0.5755643268454299, "debt_to_equity": 0.2597278433433263, "operating_margin": 0.2518506123909369, "gross_margin": 0.6948138351132619, "pe_ratio": 11.021039639692798, "ev_to_ebitda": 8.429121189056346}