{"roic": 0.030287037336574504, "roe": 0.028777787145547032, "fcf_yield": 0.015513188916367677, "revenue_growth": -0.03407899967474974, "debt_to_equity": 0.045872601339843305, "operating_margin": 0.04761196250557952, "gross_margin": 0.22660318404999255, "pe_ratio": 21.89128046875, "ev_to_ebitda": 3.668154042011458}