{"roic": 0.10520493594081001, "roe": 0.13785596138189504, "fcf_yield": 0.10545270490421631, "revenue_growth": -0.009058400781468044, "debt_to_equity": 1.6911327774911056, "operating_margin": 0.1004458824088564, "gross_margin": 0.6731891418039843, "pe_ratio": 29.63024808243885, "ev_to_ebitda": 8.942298470982777}