{"roic": 0.0765881809787627, "roe": 0.14797389853048604, "fcf_yield": -0.05778213947002974, "revenue_growth": -0.18071523267436462, "debt_to_equity": -2.8016717325227964, "operating_margin": 0.052227516650688935, "gross_margin": 0.2546126855345615, "pe_ratio": -47.46243110754148, "ev_to_ebitda": 37.967109009435994}