{"roic": 0.03100174303769541, "roe": -0.05475024743507486, "fcf_yield": -0.046065798348494794, "revenue_growth": 0.09347259168620657, "debt_to_equity": 2.949679698108178, "operating_margin": 0.05947674002630542, "gross_margin": 0.23866589903504426, "pe_ratio": -44.987879780262034, "ev_to_ebitda": 15.007550580787465}