{"roic": 0.04424519347409635, "roe": 0.029353863201689583, "fcf_yield": 0.10400136672304686, "revenue_growth": -0.13964657035218517, "debt_to_equity": 4.654104586876566, "operating_margin": 0.5833321393356249, "gross_margin": 0.6255631870099996, "pe_ratio": 31.114114515338372, "ev_to_ebitda": 19.385321272620363}