{"roic": -0.001685830086795405, "roe": 0.024516613206835278, "fcf_yield": -0.11445885661618091, "revenue_growth": 0.01774871394993642, "debt_to_equity": 1.0688506807427527, "operating_margin": -0.014077987302188951, "gross_margin": 0.13061735999241922, "pe_ratio": 19.477297488742348, "ev_to_ebitda": 1441.0531272727271}