{"roic": 0.7352492312460261, "roe": 0.5227872440850099, "fcf_yield": 0.051666202669115535, "revenue_growth": 0.04749338233056435, "debt_to_equity": 0.0, "operating_margin": 0.050052294737240634, "gross_margin": 0.622642332918446, "pe_ratio": 16.992965085982284, "ev_to_ebitda": 11.230770149747116}