{"roic": 0.22658534608882194, "roe": 0.2610694776191444, "fcf_yield": 0.20010210477428056, "revenue_growth": 0.8319318375734974, "debt_to_equity": 0.0, "operating_margin": 0.25081893973764474, "gross_margin": 0.3377393249042874, "pe_ratio": 5.189032391267752, "ev_to_ebitda": 3.0718965174736823}