{"roic": 0.03328957798668312, "roe": 0.042452419422035134, "fcf_yield": 0.03930640016740063, "revenue_growth": 0.202631813141748, "debt_to_equity": 0.016070961561132663, "operating_margin": 0.03754368946696963, "gross_margin": 0.5707976960647396, "pe_ratio": 84.27457335970013, "ev_to_ebitda": 45.37039681011734}