{"roic": 0.03904896447984886, "roe": -0.02465298700749527, "fcf_yield": 0.1088533619708465, "revenue_growth": -0.5140471304224754, "debt_to_equity": 0.8091739571753106, "operating_margin": 0.04180578146848158, "gross_margin": 0.6031732442998602, "pe_ratio": -47.82030874785592, "ev_to_ebitda": 9.859377754189943}