{"roic": -0.3309810798409561, "roe": -0.6752177244268109, "fcf_yield": -0.05769913239023441, "revenue_growth": -1.0, "debt_to_equity": 0.06849341731783203, "operating_margin": 0.0, "gross_margin": 0.0, "pe_ratio": -14.374626323729311, "ev_to_ebitda": -10.911740048680418}