{"roic": 0.02253801098917127, "roe": 0.2482192359237025, "fcf_yield": 0.052170807782656974, "revenue_growth": 0.0623847392708429, "debt_to_equity": 0.0, "operating_margin": 0.434149040249807, "gross_margin": 0.8032144833040037, "pe_ratio": 5.227140311743061, "ev_to_ebitda": 3.7572815126050423}