{"roic": 0.2684229014418362, "roe": 0.392907141876064, "fcf_yield": 0.07414375547642589, "revenue_growth": 0.049863369648830924, "debt_to_equity": 0.5099786743916322, "operating_margin": 0.20703294315859427, "gross_margin": 0.8898358965729871, "pe_ratio": 22.639444429933995, "ev_to_ebitda": 14.115982843902646}