{"roic": 0.03699122234774893, "roe": 0.04170481860993297, "fcf_yield": 0.23344640749627207, "revenue_growth": 0.005683082296927492, "debt_to_equity": 0.9914143017374558, "operating_margin": 0.08330441251094037, "gross_margin": 0.8303105888924684, "pe_ratio": 33.266310592459604, "ev_to_ebitda": 6.666095777167317}