{"roic": 0.01440148776029178, "roe": 0.11367068392263752, "fcf_yield": 0.09461788355333321, "revenue_growth": -0.00427645132920909, "debt_to_equity": 0.0566665372015718, "operating_margin": 0.31198836871371555, "gross_margin": 0.5574360256373107, "pe_ratio": 11.37355665474701, "ev_to_ebitda": 8.466388415892387}