{"roic": -0.0011304480867877326, "roe": -0.008987480363688294, "fcf_yield": -0.030668049000205918, "revenue_growth": 0.003723101728093139, "debt_to_equity": 2.700801029526075, "operating_margin": -0.0038918100025556643, "gross_margin": 0.2535323359993764, "pe_ratio": -173.15735909521436, "ev_to_ebitda": 14.902421446424514}