{"roic": 0.05294005164190552, "roe": 0.08317271763645932, "fcf_yield": 0.13564157143239777, "revenue_growth": 0.5208346199996471, "debt_to_equity": 1.0507613864815097, "operating_margin": 0.08323003038407026, "gross_margin": 0.12761453985398888, "pe_ratio": 12.827271442738343, "ev_to_ebitda": 7.929232680729305}