{"roic": -0.0008620689655172414, "roe": -1.1319648093841643, "fcf_yield": 0.012254145057673234, "revenue_growth": 0.004496713939813214, "debt_to_equity": 18.34, "operating_margin": -0.0008608815426997245, "gross_margin": 0.1553030303030303, "pe_ratio": -10.801152601891191, "ev_to_ebitda": 44.623519613259674}