{"roic": 0.031593897609042146, "roe": 0.01776409857464281, "fcf_yield": 0.11545357326084214, "revenue_growth": 0.11875635055038103, "debt_to_equity": 0.7748057984487117, "operating_margin": 0.1411204461171794, "gross_margin": 0.7408259793321125, "pe_ratio": 89.9972105485721, "ev_to_ebitda": 16.094714254891993}