{"roic": 0.08965175332553413, "roe": 0.02739535894836709, "fcf_yield": 0.026731668137947667, "revenue_growth": 0.06571088803704417, "debt_to_equity": -1.9063045020457416, "operating_margin": 0.1972826561272707, "gross_margin": 0.5058723054097523, "pe_ratio": -12.703917828945267, "ev_to_ebitda": 16.87451794753745}