{"roic": -0.025470582127492453, "roe": -8.424815594145258, "fcf_yield": -0.1707626635711043, "revenue_growth": -0.05823546670990557, "debt_to_equity": -45.911696529256986, "operating_margin": -0.10596908511941724, "gross_margin": 0.32103303288234325, "pe_ratio": -6.067222431082372, "ev_to_ebitda": 20.693590337454346}