{"roic": -0.03975487257049372, "roe": -0.02611010989956547, "fcf_yield": 0.05869203367790453, "revenue_growth": 0.1378731818386087, "debt_to_equity": 0.056889980384965, "operating_margin": -0.031963083183954265, "gross_margin": 0.6856281187926941, "pe_ratio": -134.23209703405345, "ev_to_ebitda": 104.3289813306852}