{"roic": 6.047351860392849e-05, "roe": 0.0001438825170232553, "fcf_yield": 0.00046023588067813667, "revenue_growth": 0.0, "debt_to_equity": 0.9837577013079816, "operating_margin": 0.07727599710285778, "gross_margin": 0.21267393244614863, "pe_ratio": 71.99549120334265, "ev_to_ebitda": 1066.5448708694596}