{"roic": 0.0, "roe": 0.1026147939378594, "fcf_yield": 0.061202060001741464, "revenue_growth": 0.014146378375795037, "debt_to_equity": 0.0, "operating_margin": 0.3014842205009888, "gross_margin": 0.31909195781147, "pe_ratio": 22.390494712773247, "ev_to_ebitda": 8.516425174706603}