{"roic": 0.07377241087227769, "roe": 0.1349610151353004, "fcf_yield": 0.04457385123618087, "revenue_growth": 0.075317014382595, "debt_to_equity": 1.0141219116184819, "operating_margin": 0.11637238902324727, "gross_margin": 0.41614561827798424, "pe_ratio": 28.07343098280433, "ev_to_ebitda": 15.798763872819986}