{"roic": 0.05445858013439451, "roe": 0.05535615135250469, "fcf_yield": 0.0015446282748562336, "revenue_growth": 0.38794622293357806, "debt_to_equity": 0.09111496193133226, "operating_margin": 0.07588235004480684, "gross_margin": 0.34276000275734386, "pe_ratio": 154.66515894411026, "ev_to_ebitda": 34.06522867065406}