{"roic": -0.13986414600212782, "roe": -0.15361847925748387, "fcf_yield": -0.0022348475861193795, "revenue_growth": 0.1434681311366284, "debt_to_equity": 0.9610824093674596, "operating_margin": -0.11048463438849253, "gross_margin": 0.529925423102676, "pe_ratio": -55.2948942408377, "ev_to_ebitda": -39.03417442328326}