{"roic": -0.003130034122370573, "roe": -0.0014897979198871677, "fcf_yield": 0.09433918636197744, "revenue_growth": 0.08747286757298493, "debt_to_equity": 0.010727374517192873, "operating_margin": 0.050176918044685534, "gross_margin": 0.6153023364642176, "pe_ratio": -621.4655192727273, "ev_to_ebitda": 6.80133967900449}