{"roic": -0.03140187536671501, "roe": -0.03731973573080536, "fcf_yield": -0.006979870642414328, "revenue_growth": 0.02486464245972003, "debt_to_equity": 0.09070671525123493, "operating_margin": -0.10352378693041844, "gross_margin": 0.8708188105622365, "pe_ratio": -77.55332205301748, "ev_to_ebitda": -197.03818612896077}