{"roic": 0.007899722049266056, "roe": 0.07464476874008173, "fcf_yield": 0.061469812315546886, "revenue_growth": 0.10025357963771325, "debt_to_equity": 1.664240742654471, "operating_margin": 0.21834841290826942, "gross_margin": 0.49417012519687753, "pe_ratio": 12.508658029286387, "ev_to_ebitda": 26.73295270693824}