{"roic": 0.035367231057546994, "roe": 0.0586738389198855, "fcf_yield": -0.0478364975675225, "revenue_growth": 0.1789986945714439, "debt_to_equity": 1.311654736899814, "operating_margin": 0.4968956974568987, "gross_margin": 0.7089792203852571, "pe_ratio": 12.412268907563027, "ev_to_ebitda": 22.921509213398043}