{"roic": -0.5873611188756797, "roe": -0.4619102938735896, "fcf_yield": -0.16828467576846315, "revenue_growth": 0.0, "debt_to_equity": 0.006564235558926431, "operating_margin": 0.0, "gross_margin": 0.0, "pe_ratio": -3.6159407219425233, "ev_to_ebitda": -3.0608282294908298}