{"roic": 0.07061620356884571, "roe": 0.13537278638910474, "fcf_yield": 0.025238775930280438, "revenue_growth": 0.09364922149842972, "debt_to_equity": 0.4227273996888098, "operating_margin": 0.03840669792068625, "gross_margin": 0.2431920811668188, "pe_ratio": 38.49763572142497, "ev_to_ebitda": 7.993074432513837}