{"roic": 0.020084686629336494, "roe": 0.0885468052087644, "fcf_yield": -0.21391191547574653, "revenue_growth": 2.182158656064266, "debt_to_equity": 5.080507436951304, "operating_margin": 0.46059334086070625, "gross_margin": 0.9518865837506428, "pe_ratio": 4.953106793955722, "ev_to_ebitda": 42.11409461543336}