{"roic": 0.006423947475261805, "roe": 0.04870632129114179, "fcf_yield": 0.029211097251800607, "revenue_growth": 0.1193814523956587, "debt_to_equity": 1.059417817847838, "operating_margin": 0.1313642939132349, "gross_margin": 0.5143206440555372, "pe_ratio": 34.83228148843027, "ev_to_ebitda": 41.32999703730492}