{"roic": -0.5386622284197742, "roe": -0.4167614431250667, "fcf_yield": -0.09920327358984243, "revenue_growth": -0.7863247863247863, "debt_to_equity": 0.004431250177838058, "operating_margin": -191.6, "gross_margin": 1.0, "pe_ratio": -8.302221792890263, "ev_to_ebitda": -7.636106447682005}