{"roic": 0.01421954798512294, "roe": 0.04096969696969697, "fcf_yield": 0.019366102174213813, "revenue_growth": -0.012483887907576263, "debt_to_equity": -0.5210863927937764, "operating_margin": 0.02658867323163295, "gross_margin": 0.05938942739102014, "pe_ratio": -86.60202172781064, "ev_to_ebitda": 17.47846355140187}