{"roic": -0.10119731154200082, "roe": -0.38080520446128535, "fcf_yield": 0.07627806480341386, "revenue_growth": 0.02156469046445361, "debt_to_equity": 0.17679171858046086, "operating_margin": -0.22079632696071053, "gross_margin": 0.03966816573837122, "pe_ratio": -2.3155654367545853, "ev_to_ebitda": -6.100334587327913}