{"roic": -0.25747167266728477, "roe": -0.2573115069667416, "fcf_yield": -0.04971440165645097, "revenue_growth": 0.40344576849330954, "debt_to_equity": 0.0, "operating_margin": -0.044446627047229445, "gross_margin": 0.18495012232968944, "pe_ratio": -16.38491614630212, "ev_to_ebitda": -15.610747946054875}