{"roic": -0.0647113949256251, "roe": -0.1374831759046564, "fcf_yield": -0.3357920164361751, "revenue_growth": 1.0221074074855925, "debt_to_equity": 1.2944715016610526, "operating_margin": -0.26437108055650366, "gross_margin": 0.4135519136818189, "pe_ratio": -13.255797499444524, "ev_to_ebitda": 31.893396619536354}