{"roic": -0.42159164568484897, "roe": -0.3340705834415951, "fcf_yield": -0.08977762826142456, "revenue_growth": 0.0, "debt_to_equity": 0.003371241626421561, "operating_margin": 0.0, "gross_margin": 0.0, "pe_ratio": -10.029236592538135, "ev_to_ebitda": -8.975542001850371}