{"roic": 0.047600589192960695, "roe": -0.15332857579773676, "fcf_yield": 0.08559762637654708, "revenue_growth": 0.11320923572579202, "debt_to_equity": 3.4429942418426105, "operating_margin": 0.04606842737094838, "gross_margin": 0.164765906362545, "pe_ratio": -29.390946276595745, "ev_to_ebitda": 13.07531555331992}