{"roic": 0.3469712005107325, "roe": 0.258440155890501, "fcf_yield": 0.054927266991555146, "revenue_growth": 0.02147893097229054, "debt_to_equity": 9.33563672260612, "operating_margin": 0.11020866773675762, "gross_margin": 0.40709470304975925, "pe_ratio": 23.404738372093025, "ev_to_ebitda": 13.055013545543584}