{"roic": 0.051608657783031926, "roe": 0.0540111371443385, "fcf_yield": 0.1090251459658439, "revenue_growth": 0.051629093774746275, "debt_to_equity": 0.8459180896024558, "operating_margin": 0.11347700703355423, "gross_margin": 0.5358451816400257, "pe_ratio": 20.52324466242456, "ev_to_ebitda": 8.937988447475677}