{"roic": -0.09862290748031426, "roe": -0.3847797563261481, "fcf_yield": -0.027058849745956758, "revenue_growth": -0.06386740331491712, "debt_to_equity": 0.32408673569056456, "operating_margin": -0.28234183191690276, "gross_margin": 0.00047214353163361664, "pe_ratio": -1.2838932190179266, "ev_to_ebitda": -5.061419077936334}