{"roic": 0.006310307778514623, "roe": 0.09561551269193694, "fcf_yield": 0.16153201431822262, "revenue_growth": 0.00940255533561274, "debt_to_equity": 1.7219420429074608, "operating_margin": 0.06957831994273711, "gross_margin": 0.4227658488827064, "pe_ratio": 17.10265230142566, "ev_to_ebitda": 11.422361660953568}