{"roic": 0.007403042706968639, "roe": 0.06324409298442399, "fcf_yield": 0.06907167242329725, "revenue_growth": 0.13440650035445936, "debt_to_equity": 0.019201443626861162, "operating_margin": 0.18781348336035092, "gross_margin": 0.5138511626639786, "pe_ratio": 15.105256496434508, "ev_to_ebitda": 10.090807086641234}