{"roic": -0.026147667440698272, "roe": -0.04053229321893063, "fcf_yield": 0.00479383214917822, "revenue_growth": 0.9382784360575567, "debt_to_equity": 0.09628533693071185, "operating_margin": -0.05067596690113535, "gross_margin": -0.00026628089158868865, "pe_ratio": -29.12820932539682, "ev_to_ebitda": 10.911538375248687}