{"roic": 0.1500174502981595, "roe": 0.29008491305058154, "fcf_yield": -0.020072824294152976, "revenue_growth": 0.09737793694447612, "debt_to_equity": 0.24615225828494552, "operating_margin": 0.31964240342212336, "gross_margin": 0.6640771021938205, "pe_ratio": 22.876680059304142, "ev_to_ebitda": 17.184067707200086}