{"roic": 0.06319547254022329, "roe": -0.37514287643861915, "fcf_yield": 0.3238060235344623, "revenue_growth": 0.02150672114275021, "debt_to_equity": 1.7017749157764952, "operating_margin": 0.05618227556123505, "gross_margin": 0.32807390842219264, "pe_ratio": -1.1322558963898548, "ev_to_ebitda": -6.371505948606664}