{"roic": 0.20728227308077218, "roe": 0.2542558305165568, "fcf_yield": 0.016925091422983873, "revenue_growth": 0.18171441417173598, "debt_to_equity": 0.036669477785065865, "operating_margin": 0.14700496793314546, "gross_margin": 0.3719527378291711, "pe_ratio": 45.98117529730316, "ev_to_ebitda": 36.90925585991219}