{"roic": 0.004061039535382952, "roe": -0.40361752108088883, "fcf_yield": -0.05760970800749564, "revenue_growth": 0.04785815315660456, "debt_to_equity": 4.2470929180316, "operating_margin": 0.005929811526998522, "gross_margin": 0.3849499141751851, "pe_ratio": -3.921051167104653, "ev_to_ebitda": 170.57212237541108}