{"roic": -0.044302628590818356, "roe": -0.06907234830064636, "fcf_yield": 0.018751417464098273, "revenue_growth": 0.12737599526107637, "debt_to_equity": 0.4292340762529698, "operating_margin": -0.10417264034508122, "gross_margin": 0.3621462024027693, "pe_ratio": -38.578742820101915, "ev_to_ebitda": 3162.5385496503495}