{"roic": 0.019798806353529076, "roe": -0.03748964864254747, "fcf_yield": -0.0619976864653499, "revenue_growth": -0.024261768335832826, "debt_to_equity": 1.5596806318026517, "operating_margin": 0.037918078164503204, "gross_margin": 0.040226054885646574, "pe_ratio": -30.671483744805666, "ev_to_ebitda": 20.7308049524914}