{"roic": 0.09776786236519892, "roe": 0.24108374563689997, "fcf_yield": 0.2945341543093946, "revenue_growth": 0.2361520882921661, "debt_to_equity": 3.117789008038452, "operating_margin": 0.23013527346147095, "gross_margin": 0.5934878107836995, "pe_ratio": 17.30816992651503, "ev_to_ebitda": 3.0035395275795325}