{"roic": 0.07298083133977716, "roe": 0.10256658824498828, "fcf_yield": 0.053414359546691735, "revenue_growth": 0.008441831013761874, "debt_to_equity": 0.2987212146880156, "operating_margin": 0.05976617383039081, "gross_margin": 0.5028366516648274, "pe_ratio": 19.383364346305616, "ev_to_ebitda": 13.138850266248872}