{"roic": 0.007830730432748793, "roe": -0.14491089974855142, "fcf_yield": 0.18117285379936818, "revenue_growth": -0.03679306963059824, "debt_to_equity": 1.025206271796762, "operating_margin": 0.012983658498786011, "gross_margin": 0.6244382070841872, "pe_ratio": -4.084677480196152, "ev_to_ebitda": 75.44371321248182}