{"roic": -0.13837956276445698, "roe": -0.1005524861878453, "fcf_yield": 0.08047797896139296, "revenue_growth": 0.09043954430423479, "debt_to_equity": 0.0, "operating_margin": -0.11409742731619073, "gross_margin": 0.5480036180385063, "pe_ratio": -16.287362637362637, "ev_to_ebitda": -7.044219439775911}