{"roic": 0.20296913732849858, "roe": 0.24321902121042674, "fcf_yield": 0.059436263909365586, "revenue_growth": 0.1977796938995473, "debt_to_equity": 0.0029205631960832804, "operating_margin": 0.4376618222072059, "gross_margin": 0.8518597121508211, "pe_ratio": 16.398568017132778, "ev_to_ebitda": 8.954051371153712}