{"roic": 0.18790627159336531, "roe": 0.20440167774325413, "fcf_yield": 0.19267560350589136, "revenue_growth": -0.0052741046793293835, "debt_to_equity": 0.03383387520702292, "operating_margin": 0.13549056124608483, "gross_margin": 0.5508493467648635, "pe_ratio": 11.904453297959714, "ev_to_ebitda": 5.364146622761225}