{"roic": 0.024274502269854843, "roe": 0.0305889130467055, "fcf_yield": -0.03517473123019081, "revenue_growth": 0.2213855108244206, "debt_to_equity": 1.0710067980721856, "operating_margin": 0.09298138629150778, "gross_margin": 0.6671883000664007, "pe_ratio": 33.20871358148425, "ev_to_ebitda": 5.966077821742266}