{"roic": 0.052855639337268515, "roe": 0.10518508884831919, "fcf_yield": 0.05520702739848431, "revenue_growth": 0.01910058078085807, "debt_to_equity": 1.3103341664432548, "operating_margin": 0.04965900469461539, "gross_margin": 0.4535687805833992, "pe_ratio": 13.015899728964223, "ev_to_ebitda": 9.678380794555443}