{"roic": 0.24899046265493419, "roe": 0.5849739639767103, "fcf_yield": 0.2855042911369759, "revenue_growth": 6.170311488936485, "debt_to_equity": 0.3674103827469054, "operating_margin": 0.4816700132523716, "gross_margin": 0.8846333937846388, "pe_ratio": 3.766654939120827, "ev_to_ebitda": 3.719262868804806}