{"roic": -0.23159185714146097, "roe": -0.4453308518245524, "fcf_yield": -0.01203782900530559, "revenue_growth": 3.7647713751487335, "debt_to_equity": 0.00014101081394271892, "operating_margin": -96.66716838195507, "gross_margin": 1.0, "pe_ratio": -26.84278315694139, "ev_to_ebitda": -29.377599900294005}