{"roic": -0.48894139020671634, "roe": -0.41455679991304695, "fcf_yield": -0.09391154876539101, "revenue_growth": 6.407122232916266, "debt_to_equity": 0.04892836587261348, "operating_margin": -95.34483394833948, "gross_margin": 1.0846863468634687, "pe_ratio": -7.887320127998762, "ev_to_ebitda": -8.035489032535748}