{"roic": 0.0025043367488497663, "roe": -0.029124757147219165, "fcf_yield": 0.04680565766131579, "revenue_growth": 0.11858362979050865, "debt_to_equity": 0.19152499301562448, "operating_margin": 0.0014098663479300228, "gross_margin": 0.2892283766163208, "pe_ratio": -41.65255038455061, "ev_to_ebitda": 14.945628784623198}