{"roic": -0.6914968942100351, "roe": -0.2328607452214257, "fcf_yield": -0.025361574469680872, "revenue_growth": 0.0, "debt_to_equity": 0.015309206764153255, "operating_margin": 0.0, "gross_margin": 0.0, "pe_ratio": -79.87937298436171, "ev_to_ebitda": -30.538705425078323}