{"roic": 0.04876771358495708, "roe": 0.1117500922875773, "fcf_yield": -0.04781548222924848, "revenue_growth": 0.07665512096694688, "debt_to_equity": 0.41666114254836617, "operating_margin": 0.5371027871471685, "gross_margin": 0.6984686107243967, "pe_ratio": 13.328277840449372, "ev_to_ebitda": 14.845481075402947}