{"roic": -0.1021347516116224, "roe": -0.18014064392990817, "fcf_yield": -0.014766770892791896, "revenue_growth": 0.0051882486168827605, "debt_to_equity": 0.09663515138746236, "operating_margin": -0.2004287990153504, "gross_margin": 0.5184299206424045, "pe_ratio": -8.89896083319557, "ev_to_ebitda": -33.626395684355785}