{"roic": 0.06329996826572169, "roe": 0.218485759176239, "fcf_yield": 0.03186372515514541, "revenue_growth": 0.12640545652206286, "debt_to_equity": 0.21259836348245917, "operating_margin": 0.0603013651178536, "gross_margin": 0.3897592543024043, "pe_ratio": 14.780693679770176, "ev_to_ebitda": 21.421958484992352}