{"roic": -0.20309109089918628, "roe": -0.197725383941074, "fcf_yield": -0.10652303523856256, "revenue_growth": -0.44823066841415465, "debt_to_equity": 0.04282482223658694, "operating_margin": -0.29350008530071786, "gross_margin": 0.9933071744465296, "pe_ratio": -40.959178126439426, "ev_to_ebitda": -36.263505156765675}