{"roic": 0.047161212601878805, "roe": -0.021777569153941502, "fcf_yield": -0.014451443986663695, "revenue_growth": 0.07860987193998713, "debt_to_equity": 3.09150055697611, "operating_margin": 0.07915205962446309, "gross_margin": 0.19911341787392725, "pe_ratio": -131.8287623106606, "ev_to_ebitda": 12.943157687670194}