{"roic": 0.04691104080539355, "roe": 0.03496745076041909, "fcf_yield": -0.0020726870332738105, "revenue_growth": 0.09402444763044847, "debt_to_equity": 0.3679832846298093, "operating_margin": 0.03217150464457664, "gross_margin": 0.0854591010029485, "pe_ratio": 165.1794931904443, "ev_to_ebitda": 17.914632014425734}