{"roic": 0.012834156566017252, "roe": 0.017173109197119757, "fcf_yield": 0.041567219537674636, "revenue_growth": 0.5130003888121376, "debt_to_equity": 0.31438581042235186, "operating_margin": 0.16399831837178822, "gross_margin": 0.7487152855058486, "pe_ratio": 99.41220619420254, "ev_to_ebitda": 23.424665014975332}