{"roic": 0.02641690100230304, "roe": -0.001122804316059791, "fcf_yield": -0.02895462869446025, "revenue_growth": 0.15997282779968205, "debt_to_equity": 0.8474277135384175, "operating_margin": 0.2231538540249971, "gross_margin": 0.5756653357798602, "pe_ratio": -814.2457733333334, "ev_to_ebitda": 13.383427467618358}