{"roic": 0.013489919123422225, "roe": 0.09156293967300638, "fcf_yield": 0.0782714492299253, "revenue_growth": -0.02326753566949958, "debt_to_equity": 0.4283225512120247, "operating_margin": 0.43470504680471295, "gross_margin": 0.7929159671719859, "pe_ratio": 13.452095164343486, "ev_to_ebitda": 12.602231326195714}