{"roic": -0.01163689785819222, "roe": -0.06526806526806526, "fcf_yield": 0.020623743697367112, "revenue_growth": -0.058869908015768725, "debt_to_equity": 3.3475836431226766, "operating_margin": -0.0057371581054036025, "gross_margin": 0.0142761841227485, "pe_ratio": -79.63428571428571, "ev_to_ebitda": 12.526103608108109}