{"roic": 0.057498848081890784, "roe": 0.35353954847490193, "fcf_yield": 0.05416222919666486, "revenue_growth": 0.18889856461156326, "debt_to_equity": 122.43141179610355, "operating_margin": 0.07822402825063995, "gross_margin": 0.8093394385354273, "pe_ratio": 60.66192719758835, "ev_to_ebitda": 37.5585886453928}