{"roic": 0.02907066416886816, "roe": 0.06957300625628751, "fcf_yield": -0.036828730770387556, "revenue_growth": -0.03536437867836413, "debt_to_equity": 0.9527826083064204, "operating_margin": 0.15720066485940995, "gross_margin": 0.42574153491501276, "pe_ratio": 21.265669668760562, "ev_to_ebitda": 12.759025193278088}