{"roic": 0.02194031075317001, "roe": 0.03925555831198529, "fcf_yield": 0.11886965914378317, "revenue_growth": 0.07635165508529698, "debt_to_equity": 0.07885354252053935, "operating_margin": 0.04921371791880541, "gross_margin": 0.674035230984601, "pe_ratio": 56.096637851997386, "ev_to_ebitda": 17.025539277765812}