{"roic": 0.07552148803388498, "roe": 0.12212776702297787, "fcf_yield": 0.07727490285014217, "revenue_growth": 0.11427226257734732, "debt_to_equity": 0.9066677275620624, "operating_margin": 0.1525321422104183, "gross_margin": 0.42482042614836724, "pe_ratio": 17.64328049620951, "ev_to_ebitda": 10.247529679006876}