{"roic": 0.07338002701675696, "roe": 0.0799540327621228, "fcf_yield": 0.026518237861457815, "revenue_growth": 0.12720745741076628, "debt_to_equity": 0.8686987146050273, "operating_margin": 0.1299974402830703, "gross_margin": 0.2345596156263935, "pe_ratio": 18.232173935435135, "ev_to_ebitda": 9.024667606442536}