{"roic": -0.05002290077373356, "roe": 0.17119148999449785, "fcf_yield": -0.04990681165078242, "revenue_growth": -0.2447021500075025, "debt_to_equity": 0.4590142408651952, "operating_margin": -0.20891489808544816, "gross_margin": 0.4714236251042985, "pe_ratio": 6.627652721797545, "ev_to_ebitda": -65.32117592471572}