{"roic": 0.0, "roe": -0.02909411505400044, "fcf_yield": 0.06213774719025811, "revenue_growth": -0.2707117852975496, "debt_to_equity": 4.0859465737514515, "operating_margin": 0.0, "gross_margin": 0.0, "pe_ratio": -151.30618181818178, "ev_to_ebitda": 15.898167653144016}