{"roic": 0.09139956347941242, "roe": 0.7389531271068098, "fcf_yield": 0.07975592882298617, "revenue_growth": 0.4749219191185792, "debt_to_equity": 0.21322370286362347, "operating_margin": 0.08008634330253366, "gross_margin": 0.7981012287316129, "pe_ratio": 18.800908585727115, "ev_to_ebitda": 19.83892519276109}