{"roic": 0.10367073801926047, "roe": 0.09974117212053984, "fcf_yield": 0.09814627445418524, "revenue_growth": 0.014555730319106395, "debt_to_equity": 0.9183693420666732, "operating_margin": 0.08603879265636345, "gross_margin": 0.26332849289492793, "pe_ratio": 25.327951807228914, "ev_to_ebitda": 7.217537825512228}