{"roic": -0.5613271079412372, "roe": 0.07148356879026721, "fcf_yield": 0.05920221448321485, "revenue_growth": -0.22551678011557952, "debt_to_equity": 0.15624913973054225, "operating_margin": 0.6891155028826357, "gross_margin": 0.8866773484276627, "pe_ratio": 18.83482814051345, "ev_to_ebitda": 17.665925968693866}