{"roic": -0.27162517804234637, "roe": -0.24412430615063815, "fcf_yield": -0.03538023859893663, "revenue_growth": 0.0, "debt_to_equity": 0.0018278085212513958, "operating_margin": 0.0, "gross_margin": 0.0, "pe_ratio": -21.227257122199664, "ev_to_ebitda": -23.7028270784271}