{"roic": -0.39846715283997103, "roe": -0.029988202610648097, "fcf_yield": 0.22941403791213263, "revenue_growth": -0.04705382945027674, "debt_to_equity": 6.52234375, "operating_margin": 0.028440728493840696, "gross_margin": 0.11684684839035757, "pe_ratio": -34.40492385786802, "ev_to_ebitda": 5.954666030194105}