{"roic": 0.04577304515839002, "roe": 0.40217804929548057, "fcf_yield": 0.2211290527007971, "revenue_growth": 1.0273928999636406, "debt_to_equity": 0.2403852211963116, "operating_margin": 0.15139237521370438, "gross_margin": 0.2554138961373417, "pe_ratio": 3.5108360982336886, "ev_to_ebitda": 1.5946479202703552}