{"roic": -0.03640535342147126, "roe": 0.008238054295852601, "fcf_yield": 0.06481210602674968, "revenue_growth": 0.017743933468359153, "debt_to_equity": 2.923490344473807, "operating_margin": 0.1896936399258154, "gross_margin": 0.437961039142136, "pe_ratio": 112.62140529907174, "ev_to_ebitda": 10.867830467246556}