{"roic": 0.052151340075239305, "roe": 0.11435751984563852, "fcf_yield": -0.0938849518270787, "revenue_growth": -0.028923943403796292, "debt_to_equity": 1.2081763938750278, "operating_margin": 0.05026539891812389, "gross_margin": 0.1636610077293111, "pe_ratio": 7.993776968100256, "ev_to_ebitda": 10.946071695291554}