{"roic": -0.44538861602241014, "roe": -0.8439301182718059, "fcf_yield": -0.05512881300626706, "revenue_growth": 0.0, "debt_to_equity": 0.0, "operating_margin": 0.0, "gross_margin": 0.0, "pe_ratio": -10.546697064632495, "ev_to_ebitda": -12.413909137465197}