{"roic": 0.00694525652208547, "roe": -0.15977260768762394, "fcf_yield": -0.008367273586186318, "revenue_growth": 0.028370492173807212, "debt_to_equity": 1.4517197736748064, "operating_margin": 0.019696290867852777, "gross_margin": 0.10044718188279374, "pe_ratio": -6.589487557977655, "ev_to_ebitda": 24.763502931330702}