{"roic": -0.06627705181971284, "roe": -0.4012522272649918, "fcf_yield": 0.005458749767238946, "revenue_growth": 0.0176301536420913, "debt_to_equity": 0.5777569686530171, "operating_margin": -50.51477217183512, "gross_margin": 0.027942214739586163, "pe_ratio": -3.6491815290928566, "ev_to_ebitda": -5.0052081009957705}