{"roic": -0.07573252900683514, "roe": -0.3766257556328998, "fcf_yield": 0.16896156940472254, "revenue_growth": -0.09528188859452254, "debt_to_equity": 61.94857142857143, "operating_margin": 0.03296037860649705, "gross_margin": 0.06593938942249467, "pe_ratio": -54.78081259163424, "ev_to_ebitda": 7.00441891978064}