{"roic": 0.07281773048674255, "roe": 0.1306980160744436, "fcf_yield": 0.12190182760953629, "revenue_growth": 0.005391275925987894, "debt_to_equity": 2.2646972784439896, "operating_margin": 0.11085886522163053, "gross_margin": 0.5301432535813395, "pe_ratio": 17.180118976380722, "ev_to_ebitda": 7.061269215851313}