{"roic": -0.3071491018196654, "roe": -0.5372199358282892, "fcf_yield": -0.3071221217056733, "revenue_growth": -0.250560466519558, "debt_to_equity": 0.820067244735445, "operating_margin": -1.8528870735505862, "gross_margin": 0.8147512562075755, "pe_ratio": -1.7199587457595686, "ev_to_ebitda": -4.084582535741089}