{"roic": -0.5258676443990762, "roe": -0.5012987514722973, "fcf_yield": -0.1453817256208986, "revenue_growth": 0.0, "debt_to_equity": 0.041713973017308816, "operating_margin": 0.0, "gross_margin": 0.0, "pe_ratio": -6.264679838841847, "ev_to_ebitda": -5.154824945637043}