{"roic": -0.001694915254237288, "roe": -0.05249343832020997, "fcf_yield": 0.08477007245478388, "revenue_growth": 0.18836915297092288, "debt_to_equity": 0.29892761394101874, "operating_margin": -0.0017730496453900709, "gross_margin": 0.16950354609929077, "pe_ratio": -27.714, "ev_to_ebitda": -69.52488516666666}