{"roic": 0.0, "roe": 0.0, "fcf_yield": -0.038494184644103466, "revenue_growth": -0.6734562951082598, "debt_to_equity": 0.0028090741607738937, "operating_margin": -87.3934184675835, "gross_margin": 1.0, "pe_ratio": 0.0, "ev_to_ebitda": -19.02644467255538}