{"roic": -0.1929300049955017, "roe": -0.6605030286731466, "fcf_yield": -0.09730101975664483, "revenue_growth": -0.08573391209423338, "debt_to_equity": 2.171484782171398, "operating_margin": -0.2939710340624294, "gross_margin": 0.14051540243896032, "pe_ratio": -1.26973133217131, "ev_to_ebitda": -6.7627856288914305}