{"roic": 0.06148205642744007, "roe": 0.06890132388688501, "fcf_yield": 0.07567632768530261, "revenue_growth": -0.008312365085588507, "debt_to_equity": 0.8255483142125972, "operating_margin": 0.14738476597259298, "gross_margin": 0.5553630539241858, "pe_ratio": 20.54613967156863, "ev_to_ebitda": 11.792232894557408}