{"roic": -0.0320273090343908, "roe": -0.28418252876631145, "fcf_yield": 0.017912768664404017, "revenue_growth": 0.015433399492801522, "debt_to_equity": 3.472620953005079, "operating_margin": -0.07265966205065917, "gross_margin": 0.5212459712997796, "pe_ratio": -11.611552386675218, "ev_to_ebitda": 323.2940765323173}