{"roic": -0.35669963947315975, "roe": -0.3306621258511065, "fcf_yield": -0.06515282218572571, "revenue_growth": 0.0, "debt_to_equity": 0.012538178616306052, "operating_margin": 0.0, "gross_margin": 0.0, "pe_ratio": -11.720601295310775, "ev_to_ebitda": -11.190315047385287}