{"roic": 0.038844735842031665, "roe": 0.046789514160409974, "fcf_yield": 0.09423913067678547, "revenue_growth": 0.1392131220417478, "debt_to_equity": 0.08799450559163888, "operating_margin": 0.10583850400445816, "gross_margin": 0.821594807367722, "pe_ratio": 36.34830799605133, "ev_to_ebitda": 11.86062333269513}