{"roic": 0.037880268494690075, "roe": 0.11051502378883218, "fcf_yield": 0.08963417854101331, "revenue_growth": 0.6775912781264543, "debt_to_equity": 7.733689417073646, "operating_margin": 1.2937970916187518, "gross_margin": 1.0, "pe_ratio": 11.229907667074755, "ev_to_ebitda": 24.80148889335824}