{"roic": 0.04174301185155466, "roe": 0.13414730833267263, "fcf_yield": 0.5479115693536052, "revenue_growth": -0.05824248189068559, "debt_to_equity": 1.5227344992050875, "operating_margin": 0.05416699519041236, "gross_margin": 0.1969565560198691, "pe_ratio": 4.97696170212766, "ev_to_ebitda": 2.381393148756452}