{"roic": -0.41020986079374205, "roe": -0.6145499994835297, "fcf_yield": -0.14754345536342856, "revenue_growth": 0.0, "debt_to_equity": 0.020859371544311507, "operating_margin": 0.0, "gross_margin": 0.0, "pe_ratio": -5.005712400260862, "ev_to_ebitda": -4.5666652693202545}