{"roic": 0.21409744592728946, "roe": 0.09212681426237268, "fcf_yield": 0.08716866032090798, "revenue_growth": -0.013524077621480867, "debt_to_equity": 0.1673355109659356, "operating_margin": 0.2633803594326297, "gross_margin": 0.7351406395511763, "pe_ratio": 12.122911710585518, "ev_to_ebitda": 12.996037502736096}