{"roic": 0.0309844157280917, "roe": -0.11425934201259133, "fcf_yield": 0.12743667987504204, "revenue_growth": 0.001160348548895489, "debt_to_equity": 0.3951109618918262, "operating_margin": 0.26258009393533255, "gross_margin": 0.8867989832157672, "pe_ratio": -4.603128429356282, "ev_to_ebitda": -25.27081235365511}