{"roic": 0.02104275605012123, "roe": -0.10929909158223619, "fcf_yield": 0.04401403317628011, "revenue_growth": 0.026979686100500645, "debt_to_equity": 0.7137398508699254, "operating_margin": 0.0873921408772216, "gross_margin": 0.22727800423936084, "pe_ratio": -22.891096860963845, "ev_to_ebitda": 12.045112360144946}