{"roic": 0.08548603011421417, "roe": 0.23971724861148871, "fcf_yield": 0.14619886386492675, "revenue_growth": 0.0637625946162715, "debt_to_equity": 2.204825169125438, "operating_margin": 0.12136850593249626, "gross_margin": 0.36025803478861884, "pe_ratio": 11.26889786130914, "ev_to_ebitda": 6.247042794460642}