{"roic": 0.0922029260117391, "roe": 0.08539148544520797, "fcf_yield": 0.0, "revenue_growth": 1.390418410486663, "debt_to_equity": 9.248194502521182, "operating_margin": 0.6296225495795615, "gross_margin": 0.8855083376655469, "pe_ratio": 8.964172970470283, "ev_to_ebitda": 76.94329799794006}