{"roic": 0.049886107298571646, "roe": 0.05399083641767223, "fcf_yield": 0.34296140312369244, "revenue_growth": -0.0290996902212357, "debt_to_equity": 0.6482261640798226, "operating_margin": 0.05901416943020802, "gross_margin": 0.27715807456537034, "pe_ratio": 8.916758409785933, "ev_to_ebitda": 4.218987228321756}