{"roic": 0.06460603305624774, "roe": -0.0846463395084943, "fcf_yield": 0.08386424560722935, "revenue_growth": -0.24993528021578829, "debt_to_equity": 0.289605115705405, "operating_margin": 0.12975405820659555, "gross_margin": 0.2288043599278541, "pe_ratio": -16.24682739949433, "ev_to_ebitda": 4.758330981193525}