{"roic": -0.01977007473567235, "roe": -0.008377344745947915, "fcf_yield": 0.09341919033959706, "revenue_growth": 0.02435253189022033, "debt_to_equity": 0.9363295880149812, "operating_margin": 0.06018867924528302, "gross_margin": 0.4691509433962264, "pe_ratio": -151.54891304347825, "ev_to_ebitda": 13.450197786790268}