{"roic": 0.05711980997292011, "roe": 0.10752291053395756, "fcf_yield": 0.06005761471181408, "revenue_growth": 0.2828166323544923, "debt_to_equity": 0.797132322183835, "operating_margin": 0.11072393203164838, "gross_margin": 0.7026683993222904, "pe_ratio": 34.50919289437731, "ev_to_ebitda": 17.841000833692803}