{"roic": -0.26012665244924443, "roe": -0.24220637784746188, "fcf_yield": -0.02774961283817676, "revenue_growth": 0.0, "debt_to_equity": 0.0008681462140992167, "operating_margin": 0.0, "gross_margin": 0.0, "pe_ratio": -22.787222252010725, "ev_to_ebitda": -21.32516787683382}