{"roic": 0.29270441921626117, "roe": -0.2090279078479116, "fcf_yield": 0.3765098580434527, "revenue_growth": -0.038019766717122254, "debt_to_equity": -2.3157723046811287, "operating_margin": 0.3205520051866259, "gross_margin": 0.6373066592572011, "pe_ratio": 3.858007670250896, "ev_to_ebitda": 5.0128000967283075}