{"roic": -0.3585282789316157, "roe": -0.5441773064960006, "fcf_yield": 0.014715833334966209, "revenue_growth": 0.06662766538417923, "debt_to_equity": 0.9260830600579333, "operating_margin": -0.5256606951183004, "gross_margin": 0.5984122232211131, "pe_ratio": -1.1325411502482186, "ev_to_ebitda": -3.2740420676374957}