{"roic": 0.12279803445390836, "roe": 1.3579500238739455, "fcf_yield": 0.10744961648208468, "revenue_growth": 0.022757187391756147, "debt_to_equity": 24.827317763623498, "operating_margin": 0.17620587352911762, "gross_margin": 0.40048001600053335, "pe_ratio": 6.310886075949368, "ev_to_ebitda": 8.409291222604601}