{"roic": -0.21301797022214017, "roe": -0.6242410604941246, "fcf_yield": -0.07718856236781985, "revenue_growth": 0.3790846840599809, "debt_to_equity": 1.9924487673940137, "operating_margin": -5.570346626441658, "gross_margin": 0.15448917381603344, "pe_ratio": -8.968270714107987, "ev_to_ebitda": -18.821978855844286}