{"roic": -0.3484469937761483, "roe": 0.7397883015582218, "fcf_yield": -0.15755431885795934, "revenue_growth": 6.317890554914777, "debt_to_equity": -0.951409975835499, "operating_margin": -2.270255597488682, "gross_margin": -1.2594853024876755, "pe_ratio": -1.7350479246055523, "ev_to_ebitda": -2.308128660761127}