{"roic": 0.0033499818873607362, "roe": -0.02496242566816964, "fcf_yield": 0.03444262966892902, "revenue_growth": -0.013400186360207659, "debt_to_equity": 1.0451487013860854, "operating_margin": 0.034826329627750355, "gross_margin": 0.41251902763042575, "pe_ratio": -27.520837696335075, "ev_to_ebitda": 15.840043162790698}