{"roic": 0.071194382439331, "roe": 0.11812431633064291, "fcf_yield": 0.09953680641374847, "revenue_growth": 0.12068699229481573, "debt_to_equity": 1.3485008185315719, "operating_margin": 0.6000794292815607, "gross_margin": 0.785546801725755, "pe_ratio": 15.309288270724824, "ev_to_ebitda": 12.543943043554016}