{"roic": -0.3780563388595392, "roe": -0.34480768152644936, "fcf_yield": -0.03066187537772782, "revenue_growth": 0.0, "debt_to_equity": 0.14496680208259655, "operating_margin": 0.0, "gross_margin": 0.0, "pe_ratio": -22.833675677099222, "ev_to_ebitda": -24.458374220505842}