{"roic": 0.0958030426066842, "roe": 0.11922985056026918, "fcf_yield": 0.029902498924401628, "revenue_growth": -0.07068741893644617, "debt_to_equity": 0.045729223248234654, "operating_margin": 0.18229128001069025, "gross_margin": 0.6516532790901397, "pe_ratio": 25.441233342043375, "ev_to_ebitda": 14.294987610247794}