{"roic": 0.23657437572122744, "roe": 0.05624638107034765, "fcf_yield": -0.019956816443357665, "revenue_growth": 0.21311470476717803, "debt_to_equity": -1.8147798585928834, "operating_margin": 0.14951070981184963, "gross_margin": 0.6443995187716274, "pe_ratio": -32.4523034670664, "ev_to_ebitda": 16.3580243758663}