{"roic": 0.16996704550010036, "roe": 0.03191066046110002, "fcf_yield": 0.009890573467837182, "revenue_growth": 0.006706396628718787, "debt_to_equity": 1.3075233343091368, "operating_margin": 0.17905701965774068, "gross_margin": -0.10339367533560821, "pe_ratio": 24.25507345516963, "ev_to_ebitda": 9.022730166516924}