{"roic": 0.05707280843637096, "roe": 0.08461247644969844, "fcf_yield": 0.12233084838313896, "revenue_growth": -0.04885635100066386, "debt_to_equity": 0.2544699764471496, "operating_margin": 0.07762876585757353, "gross_margin": 0.6036837455234602, "pe_ratio": 13.179420253979258, "ev_to_ebitda": 9.409918892345384}