{"roic": -0.013522823770688799, "roe": -0.18838992332968238, "fcf_yield": -0.0004223090527398695, "revenue_growth": 1.0494219579093076, "debt_to_equity": 0.3536361550814407, "operating_margin": -0.010556597873671044, "gross_margin": 0.5345841150719199, "pe_ratio": -169.0156922408172, "ev_to_ebitda": 201.6800243951003}