{"roic": 0.27634419315200426, "roe": 0.5421364798877635, "fcf_yield": 0.1813372390496776, "revenue_growth": 0.38451588396409364, "debt_to_equity": 0.010783901865232735, "operating_margin": 0.09612416085577188, "gross_margin": 0.9720225090647071, "pe_ratio": 5.273162993021922, "ev_to_ebitda": 5.806161218928527}