{"roic": -0.7189813736717696, "roe": -2.2572459574125427, "fcf_yield": -0.19408570985211523, "revenue_growth": 0.0, "debt_to_equity": 1.4527222482586983, "operating_margin": 0.0, "gross_margin": 0.0, "pe_ratio": -4.504192984740517, "ev_to_ebitda": -4.353319878910192}