{"roic": -0.05449917915194441, "roe": 0.5380197936516666, "fcf_yield": -0.1828666438735486, "revenue_growth": 0.4955164022194101, "debt_to_equity": 0.27696764297411025, "operating_margin": -0.28812036887572057, "gross_margin": 0.21030967023010472, "pe_ratio": -7.025123153894261, "ev_to_ebitda": -18.193743031134744}