{"roic": -0.2627831820498639, "roe": -0.3044589761788276, "fcf_yield": -0.015662346942481305, "revenue_growth": 0.4047561738795552, "debt_to_equity": 0.3536952990236305, "operating_margin": -0.33215448408210824, "gross_margin": 0.5161029436962407, "pe_ratio": -38.41580774307442, "ev_to_ebitda": -48.36758105545018}