{"roic": -0.3637189380652051, "roe": -0.3196561022701403, "fcf_yield": -0.04379873290840681, "revenue_growth": 0.0, "debt_to_equity": 0.007639916745969896, "operating_margin": 0.0, "gross_margin": 0.0, "pe_ratio": -18.777139210584345, "ev_to_ebitda": -17.979321987617787}