{"roic": -0.08841786151191001, "roe": -0.10001871442882462, "fcf_yield": 0.10561880231355134, "revenue_growth": 0.04480159696230377, "debt_to_equity": 0.0, "operating_margin": -0.0044980304091665445, "gross_margin": 0.06989862982525658, "pe_ratio": -45.23108907986264, "ev_to_ebitda": -71.19845083326751}