{"roic": 0.1517011685949359, "roe": 0.2794252604509031, "fcf_yield": 0.03804908165079884, "revenue_growth": 0.042075937219120736, "debt_to_equity": 0.23951858649807736, "operating_margin": 0.19364974038254176, "gross_margin": 0.23797216370000498, "pe_ratio": 29.838895417156287, "ev_to_ebitda": 20.3692436638677}