{"roic": 0.0346150020956173, "roe": 0.21065030547789168, "fcf_yield": 0.046616230333777826, "revenue_growth": 0.0204653943822206, "debt_to_equity": 2.9853606027987083, "operating_margin": 0.032148154182710394, "gross_margin": 0.6128635746102183, "pe_ratio": 182.11236604399656, "ev_to_ebitda": 47.600044932837235}