{"roic": 0.023382590269454905, "roe": 0.034670215678609444, "fcf_yield": 0.03928070138787863, "revenue_growth": 0.0900379527455411, "debt_to_equity": 0.7988195962660417, "operating_margin": 0.03016873560997601, "gross_margin": 0.5647158624353958, "pe_ratio": 63.102310135135134, "ev_to_ebitda": 16.479805668465247}