{"roic": -0.7442113790313851, "roe": -0.883076044541734, "fcf_yield": -0.21773475612304594, "revenue_growth": -0.2750444850137499, "debt_to_equity": 0.06785729452849111, "operating_margin": -7.759594542904501, "gross_margin": 0.9341450975392069, "pe_ratio": -4.77506462265371, "ev_to_ebitda": -4.328388794722999}