{"roic": 0.06743146067747191, "roe": 0.12484175877142081, "fcf_yield": 0.06495712326025498, "revenue_growth": 0.09700224345343758, "debt_to_equity": 0.7149731156935796, "operating_margin": 0.1256136196430135, "gross_margin": 0.5864905259896313, "pe_ratio": 16.125364968551924, "ev_to_ebitda": 10.049183213429256}