{"roic": 0.03453292751113572, "roe": -0.026823320899510176, "fcf_yield": 0.08449490346934076, "revenue_growth": 0.8302486035305537, "debt_to_equity": 0.0069224514903102425, "operating_margin": 0.08462838599609118, "gross_margin": 0.4017177457413638, "pe_ratio": -64.50698029749599, "ev_to_ebitda": 5.220741983766935}