{"roic": 0.06989560485071784, "roe": 0.12702392588500278, "fcf_yield": 0.08921193651972388, "revenue_growth": -0.031633760034714686, "debt_to_equity": 1.065435820145692, "operating_margin": 0.1156371132172705, "gross_margin": 0.4453630884362887, "pe_ratio": 16.07615925058548, "ev_to_ebitda": 10.159488334531856}