{"roic": 0.018682963339036435, "roe": 0.18529661957149263, "fcf_yield": 0.11622034561987085, "revenue_growth": 0.053490314045263165, "debt_to_equity": 0.14741472693455143, "operating_margin": 0.34581217662758096, "gross_margin": 0.7375548789691907, "pe_ratio": 10.584907441423503, "ev_to_ebitda": 7.988584270477468}