{"roic": 0.02244835467062803, "roe": 0.04953414814403143, "fcf_yield": 0.16969554424914254, "revenue_growth": -1.0, "debt_to_equity": 3.2916854717463857, "operating_margin": 0.36861211046869663, "gross_margin": 0.5991458297493586, "pe_ratio": 10.34876634127305, "ev_to_ebitda": 37.716621614930354}