{"roic": -0.12112656309481992, "roe": -0.2653799793686846, "fcf_yield": -0.187362133321822, "revenue_growth": 0.41049834124068063, "debt_to_equity": 0.21539028226249896, "operating_margin": -0.6757318970394116, "gross_margin": -0.15946751838581935, "pe_ratio": -3.489833108664924, "ev_to_ebitda": -4.149456832509989}