{"roic": 0.10242668171923337, "roe": 0.037247892816020714, "fcf_yield": 0.06426752386238241, "revenue_growth": 0.04251429910789574, "debt_to_equity": 0.012634135726175553, "operating_margin": 0.27676596297393724, "gross_margin": 0.6780467080953754, "pe_ratio": 12.027649566667092, "ev_to_ebitda": 9.215594560280563}