{"roic": 0.05533733179993771, "roe": 0.07389482247381088, "fcf_yield": 0.06747973705277753, "revenue_growth": 0.09720859616596972, "debt_to_equity": 0.7240862315030422, "operating_margin": 0.5601950655204739, "gross_margin": 0.9796756886131999, "pe_ratio": 23.789359442432772, "ev_to_ebitda": 17.108041249116617}