{"roic": 0.012246591974362892, "roe": 0.10229754516827799, "fcf_yield": 0.10337395310104026, "revenue_growth": 0.027478189355475365, "debt_to_equity": 0.3163191498405951, "operating_margin": 0.26365747760786207, "gross_margin": 0.70044979446975, "pe_ratio": 11.313356185817755, "ev_to_ebitda": 10.7931971551213}