{"roic": 0.017142454222202293, "roe": 0.14203232075003352, "fcf_yield": 0.060671341539741096, "revenue_growth": 0.11713116905253418, "debt_to_equity": 0.046429484564403344, "operating_margin": 0.38042249098759867, "gross_margin": 0.726990932119561, "pe_ratio": 17.67725691214715, "ev_to_ebitda": 13.639545929653128}