{"roic": 0.0027430260334426497, "roe": 0.05751804221607249, "fcf_yield": 1.2973636615300763, "revenue_growth": 0.05718502121379819, "debt_to_equity": 0.46815154038301415, "operating_margin": 0.0584509591024249, "gross_margin": 0.28284473398479915, "pe_ratio": 14.348943396226415, "ev_to_ebitda": 4.027858794270833}