{"roic": 0.011737370916614642, "roe": 0.10388933893303151, "fcf_yield": 0.0898539829448643, "revenue_growth": 0.03209583610125652, "debt_to_equity": 0.0, "operating_margin": 0.31770020877263117, "gross_margin": 0.7414903596167363, "pe_ratio": 11.811400137218136, "ev_to_ebitda": 8.245500465988105}