{"roic": 0.2423014895631744, "roe": 0.33929655541683973, "fcf_yield": 0.07466025621138438, "revenue_growth": 0.1096114008209091, "debt_to_equity": 0.2893201142553474, "operating_margin": 0.2740128224631235, "gross_margin": 0.7006470360887779, "pe_ratio": 9.856404152429564, "ev_to_ebitda": 6.621003534182278}