{"roic": 0.03148168695845144, "roe": 0.09128400116993272, "fcf_yield": 0.08035987128986784, "revenue_growth": -0.2852222072132919, "debt_to_equity": 0.23007294923328866, "operating_margin": 0.3274264347260608, "gross_margin": 0.8463664444805723, "pe_ratio": 11.231436879205384, "ev_to_ebitda": 9.117940480634624}