{"roic": 0.05561504592967021, "roe": 0.08410800695947714, "fcf_yield": 0.020603390580904796, "revenue_growth": 0.1359714017258324, "debt_to_equity": 0.1371639136656441, "operating_margin": 0.06044544587369949, "gross_margin": 0.6652516724819283, "pe_ratio": 74.19125762335767, "ev_to_ebitda": 47.08601569221113}