{"roic": 0.007142582458943074, "roe": -0.12696284103256966, "fcf_yield": -0.27224622499561346, "revenue_growth": 0.5159111545504182, "debt_to_equity": 3.5313770754913887, "operating_margin": 0.07861975642760487, "gross_margin": 0.11090105866433177, "pe_ratio": -6.20676952357848, "ev_to_ebitda": 17.591297019721765}