{"roic": 0.029570279891698963, "roe": 0.07368076622746099, "fcf_yield": 0.12111759909281646, "revenue_growth": 0.10283721296276746, "debt_to_equity": 0.9646589869472091, "operating_margin": 0.04675739038496572, "gross_margin": 0.5509627122453183, "pe_ratio": 29.84251240131349, "ev_to_ebitda": 10.811737779070613}