{"roic": -0.05992558085529336, "roe": -0.12873798071707487, "fcf_yield": -0.0871417597338671, "revenue_growth": -0.16146821899960054, "debt_to_equity": 1.0084177861170964, "operating_margin": -0.021847499055374645, "gross_margin": 0.11666044755643842, "pe_ratio": -30.88054043626488, "ev_to_ebitda": -98.56934649341241}