{"roic": 0.06217097329721665, "roe": 0.06022601009239205, "fcf_yield": 0.1782033096394366, "revenue_growth": 0.029977934694454988, "debt_to_equity": 1.788666860505705, "operating_margin": 0.059764911074504434, "gross_margin": 0.48139334333876344, "pe_ratio": 21.9932287503728, "ev_to_ebitda": 11.736704542253719}