{"roic": 0.09172548819209361, "roe": 0.43595312750928683, "fcf_yield": 0.0707217126928879, "revenue_growth": 0.41929800963237795, "debt_to_equity": 0.9585348997926745, "operating_margin": 0.19708734413645046, "gross_margin": 0.34026264974286546, "pe_ratio": 17.636020533842213, "ev_to_ebitda": 8.748313812417258}