{"roic": 0.008350039863655125, "roe": 0.01665789875608804, "fcf_yield": 0.0571238224530328, "revenue_growth": 0.2659404564517702, "debt_to_equity": 0.0, "operating_margin": 0.018129288551823764, "gross_margin": 0.565410697805064, "pe_ratio": 126.9387271245462, "ev_to_ebitda": 5.6149395914674}