{"roic": -0.2773571079628725, "roe": -0.8304432876894002, "fcf_yield": -0.04921305307147457, "revenue_growth": -0.18339181837450838, "debt_to_equity": 2.488118105482685, "operating_margin": -0.5950911314272405, "gross_margin": 0.35305421300879286, "pe_ratio": -0.7413845969577194, "ev_to_ebitda": -26.947716404494383}