{"roic": 0.00798177012925693, "roe": 0.10624251036028182, "fcf_yield": 0.0799868847288166, "revenue_growth": 0.008825450550755619, "debt_to_equity": 0.5673668974689982, "operating_margin": 0.24252110338007277, "gross_margin": 0.6502454702786705, "pe_ratio": 11.133684982452465, "ev_to_ebitda": 11.201650198341147}