{"roic": 0.03571497770811091, "roe": 0.0753621083965586, "fcf_yield": 0.12931877995011334, "revenue_growth": 0.2550291238815829, "debt_to_equity": 3.201109570041609, "operating_margin": 0.08398717826045354, "gross_margin": 0.34171371160654485, "pe_ratio": 29.36304742138728, "ev_to_ebitda": 10.344989001876172}