{"roic": -0.3398335172668796, "roe": -0.6180030106963129, "fcf_yield": 0.036086260940140016, "revenue_growth": 0.05265721658544494, "debt_to_equity": 1.163188020006446, "operating_margin": -0.3563862304158395, "gross_margin": 0.3020790951673151, "pe_ratio": -1.362214811808755, "ev_to_ebitda": -3.403369442683258}