{"roic": 0.07488944636547865, "roe": 0.08033386446665547, "fcf_yield": 0.10960065617888672, "revenue_growth": -0.003228920191001734, "debt_to_equity": 0.6155116900805032, "operating_margin": 0.21202883405773468, "gross_margin": 0.6046898608217574, "pe_ratio": 12.403018640163365, "ev_to_ebitda": 16.79099815184325}