{"roic": -0.700762848155652, "roe": -1.3926465586633823, "fcf_yield": 0.0, "revenue_growth": 0.0, "debt_to_equity": 0.11964809758803947, "operating_margin": 0.0, "gross_margin": 0.0, "pe_ratio": -6.69493208421424, "ev_to_ebitda": -16.755981943874136}