{"roic": 0.04946658402475501, "roe": 0.12345218398356597, "fcf_yield": 0.05023690640103498, "revenue_growth": 0.13006664431175058, "debt_to_equity": 0.4633291937593647, "operating_margin": 0.07647627300898809, "gross_margin": 0.3858386682576916, "pe_ratio": 22.85028425221185, "ev_to_ebitda": 20.249227607486976}