{"roic": 0.011953655483066183, "roe": 0.1869664947509393, "fcf_yield": 0.09921284793850844, "revenue_growth": 0.1643333055717498, "debt_to_equity": 0.06445939863458093, "operating_margin": 0.01574255879467197, "gross_margin": 0.8496141553083002, "pe_ratio": 13.466740691149175, "ev_to_ebitda": 32.885899721124794}