{"roic": 0.07031219186032316, "roe": 0.10482751185780505, "fcf_yield": 0.47960468641073656, "revenue_growth": -0.18640191779957732, "debt_to_equity": 0.1981904171803971, "operating_margin": 0.7451102021827205, "gross_margin": 0.7927820962645628, "pe_ratio": 6.947368430331564, "ev_to_ebitda": 6.2051532728029555}