{"roic": 0.004213843095043474, "roe": 0.0017817371937639199, "fcf_yield": 0.0003091412478699345, "revenue_growth": 0.054954954954954956, "debt_to_equity": 1.3051803727132842, "operating_margin": 0.19293478260869565, "gross_margin": 0.4157608695652174, "pe_ratio": 294.06975465, "ev_to_ebitda": 46.06796250431035}