{"roic": -0.08649411785338734, "roe": -0.12923007806515457, "fcf_yield": 0.01390739372923543, "revenue_growth": 0.1477755133572201, "debt_to_equity": 0.4627766577952576, "operating_margin": -0.18968042588515074, "gross_margin": 0.5631295892105677, "pe_ratio": -34.678654799181444, "ev_to_ebitda": -327.9745469457014}