{"roic": -0.29624532041400575, "roe": -1.5217374532268642, "fcf_yield": 0.07753571648094974, "revenue_growth": 0.010013351134846462, "debt_to_equity": 0.12067435669920142, "operating_margin": -0.1975839024748476, "gross_margin": 0.1635088492325769, "pe_ratio": -1.1263597647535997, "ev_to_ebitda": -1.2685633525869484}