{"roic": -0.021460388209879052, "roe": 0.41786395879386257, "fcf_yield": -0.053855004828993906, "revenue_growth": 0.6774363505948992, "debt_to_equity": 2.4332198369427123, "operating_margin": -0.02641784744853033, "gross_margin": 0.11123870694237652, "pe_ratio": 2.5834761001407265, "ev_to_ebitda": 7.975081135743409}