{"roic": 0.05976347800737124, "roe": 0.08088482475851816, "fcf_yield": 0.04452270288110187, "revenue_growth": -0.026661260457484105, "debt_to_equity": 1.005208432171136, "operating_margin": 0.11256594044163819, "gross_margin": 0.3198224997612688, "pe_ratio": 20.537185553782116, "ev_to_ebitda": 10.564924598217079}