{"roic": 0.012202675659275405, "roe": 0.11453386646969328, "fcf_yield": 0.06427286838506487, "revenue_growth": 0.050320853684610964, "debt_to_equity": 0.357340334574983, "operating_margin": 0.25945669005183075, "gross_margin": 0.6827390672294033, "pe_ratio": 9.877260583197547, "ev_to_ebitda": 9.85107050374716}