{"roic": -0.1792851434012914, "roe": -1.3194190567424569, "fcf_yield": -0.0792174668794289, "revenue_growth": 0.1444716466968828, "debt_to_equity": 9.872225365024912, "operating_margin": -0.4372979422240959, "gross_margin": 0.5769000889917036, "pe_ratio": -1.2156890315712179, "ev_to_ebitda": -9.174822855076807}