{"roic": 0.014375864334266773, "roe": -0.7705823903237566, "fcf_yield": 0.022684756503015286, "revenue_growth": 0.00842918009491315, "debt_to_equity": 19.054091967814795, "operating_margin": 0.014598107183708346, "gross_margin": 0.2047746840029209, "pe_ratio": -6.128546142714015, "ev_to_ebitda": 14.644993694545299}