{"roic": 0.020308826951907933, "roe": 0.029641426921444294, "fcf_yield": -0.03842199910033217, "revenue_growth": 0.203355612209743, "debt_to_equity": 1.1809385273975337, "operating_margin": 0.027624517280558463, "gross_margin": 0.1304227972001659, "pe_ratio": 44.294702144205154, "ev_to_ebitda": 14.019086604401464}