{"roic": 0.04983834747165813, "roe": 0.2469558677191967, "fcf_yield": -0.12215476587819363, "revenue_growth": -0.12880807219222828, "debt_to_equity": 0.9604136995136109, "operating_margin": 0.5143577407529049, "gross_margin": 0.7159963428814898, "pe_ratio": 5.119872359209224, "ev_to_ebitda": 21.403859455354986}