{"roic": 0.07443568330642332, "roe": 0.08288955282643133, "fcf_yield": 0.1302526169050347, "revenue_growth": 0.4250456589619214, "debt_to_equity": 1.2481542042088902, "operating_margin": 0.781488020657615, "gross_margin": 0.8079371115818788, "pe_ratio": 11.022590259875983, "ev_to_ebitda": 12.966544002920541}