{"roic": 0.04739011581191721, "roe": 0.09512802565396448, "fcf_yield": 0.1451393580834604, "revenue_growth": -0.08658925897674945, "debt_to_equity": 1.176594656781286, "operating_margin": 0.08256626756176898, "gross_margin": 0.15983805107619906, "pe_ratio": 10.595396303901436, "ev_to_ebitda": 7.641970269189765}