{"roic": 0.18472152727563415, "roe": -8.637159718256235, "fcf_yield": 0.08561741660614561, "revenue_growth": 0.05081818772279043, "debt_to_equity": 17.791530823947838, "operating_margin": 0.23864481745630456, "gross_margin": 0.8260207144037737, "pe_ratio": 13.840470785303387, "ev_to_ebitda": 12.531046257562283}