{"roic": 0.020954528932849038, "roe": -0.013731102833871947, "fcf_yield": 0.04720931190269841, "revenue_growth": -0.047849638132144004, "debt_to_equity": 1.3954886825042707, "operating_margin": 0.047417669563135624, "gross_margin": 0.39525697302456564, "pe_ratio": -123.67257157041206, "ev_to_ebitda": 11.493452411388727}