{"roic": 0.05775152930150043, "roe": -0.10769485079160879, "fcf_yield": 0.0861916333265461, "revenue_growth": 0.2068681274059155, "debt_to_equity": 0.07353593673651636, "operating_margin": 0.026537004966616054, "gross_margin": 0.2452065401869078, "pe_ratio": -7.08341634131046, "ev_to_ebitda": -4.654032821715342}