{"roic": 0.04126804896939773, "roe": 0.048424405174772665, "fcf_yield": 0.12412864405077018, "revenue_growth": 0.005716095940549573, "debt_to_equity": 0.09661799689093276, "operating_margin": 0.11233565036462183, "gross_margin": 0.8208941925298644, "pe_ratio": 28.500369591642297, "ev_to_ebitda": 3.642840155998286}