{"roic": -0.20706381051508713, "roe": -18.759420942939222, "fcf_yield": -0.3661297949473583, "revenue_growth": 0.02815038863292653, "debt_to_equity": 1.2092043788467903, "operating_margin": -2.5815802573526905, "gross_margin": -0.18612041160064646, "pe_ratio": -0.9489353188758658, "ev_to_ebitda": -2.4361778262484535}