{"roic": 0.054939190569285166, "roe": 0.1768969048326892, "fcf_yield": -0.05019608808170382, "revenue_growth": 0.08575600465733824, "debt_to_equity": 1.1470872940841708, "operating_margin": 0.09787323650285155, "gross_margin": 0.6051514870467818, "pe_ratio": 10.180442644041012, "ev_to_ebitda": 7.02178999379928}