{"roic": -0.11252053546799541, "roe": -0.3423242227250416, "fcf_yield": -0.10973295069631116, "revenue_growth": 1.3882510325479906, "debt_to_equity": 1.1137901112134305, "operating_margin": -0.2927708681157923, "gross_margin": 0.8596102914384847, "pe_ratio": -12.28836427898627, "ev_to_ebitda": -22.73785625179925}