{"roic": -0.13555816401356133, "roe": -0.15115841089173326, "fcf_yield": -0.022460011451681743, "revenue_growth": 0.6353971066620825, "debt_to_equity": 0.16816130028834272, "operating_margin": -0.4383207193220778, "gross_margin": 0.9661766608448153, "pe_ratio": -31.901361580282714, "ev_to_ebitda": -26.280682972064447}