{"roic": 0.009930884981911853, "roe": -0.12679586752225677, "fcf_yield": 0.08489645092089361, "revenue_growth": -0.381515757568229, "debt_to_equity": 1.5484647411659047, "operating_margin": 0.0854657712917385, "gross_margin": 0.717165435728044, "pe_ratio": -9.259431643284527, "ev_to_ebitda": 12.489961780875518}