{"roic": 0.0039663147367344385, "roe": 0.025442099258414147, "fcf_yield": 0.09582951804249783, "revenue_growth": -0.10863782724345514, "debt_to_equity": 0.17291428571428571, "operating_margin": 0.06301848348129821, "gross_margin": 0.09692912239848639, "pe_ratio": 15.660466367713004, "ev_to_ebitda": 5.370464243494424}