{"roic": -0.07072414823761708, "roe": -0.1977817354487258, "fcf_yield": -0.011411965189882356, "revenue_growth": 0.0725741570229539, "debt_to_equity": 1.839758128546057, "operating_margin": -0.047284366716224914, "gross_margin": 0.302701205158977, "pe_ratio": -3.6377549886177705, "ev_to_ebitda": -29.993536342437984}