{"roic": 0.052318992894750165, "roe": 0.13125693522216833, "fcf_yield": 0.09695852682511577, "revenue_growth": 1.0473860434576319, "debt_to_equity": 9.508419938889933, "operating_margin": 0.12529832804497792, "gross_margin": 0.5906296712433181, "pe_ratio": 46.65465217054864, "ev_to_ebitda": 9.152964928885869}