{"roic": -0.1376325139869292, "roe": 0.019260088387980778, "fcf_yield": 0.2627949558123525, "revenue_growth": 0.13192801884805289, "debt_to_equity": 0.47005705021336475, "operating_margin": -0.01233822223699089, "gross_margin": 0.002169357055072764, "pe_ratio": 84.58885515030062, "ev_to_ebitda": -8.157323340187917}