{"roic": 0.3314408911246856, "roe": 0.08699455720347582, "fcf_yield": 0.14171506171745518, "revenue_growth": 0.0799796503065842, "debt_to_equity": 2.5054606200502616, "operating_margin": 0.37162195666187336, "gross_margin": 0.05937918381514355, "pe_ratio": 31.449640980717398, "ev_to_ebitda": 25.19725057944888}