{"roic": -0.11589020361520198, "roe": -0.14545229796181675, "fcf_yield": -0.09293140657951017, "revenue_growth": 0.0, "debt_to_equity": 0.004277959900473299, "operating_margin": 0.0, "gross_margin": 0.0, "pe_ratio": -17.696461239925778, "ev_to_ebitda": -10.36418132772726}