{"roic": -0.02732858186334316, "roe": -2.6941419423851194, "fcf_yield": -0.005047396780735834, "revenue_growth": -0.8577552898321568, "debt_to_equity": 0.0, "operating_margin": -0.22952326825354372, "gross_margin": 0.48052621021663544, "pe_ratio": -14.60274687430609, "ev_to_ebitda": -19.952246103274515}