{"roic": 0.0656363503674221, "roe": 0.13665743305632502, "fcf_yield": -0.02823590731050996, "revenue_growth": -0.021573748154876803, "debt_to_equity": 1.6699640287769784, "operating_margin": 0.10084716258558662, "gross_margin": 0.1870720668446095, "pe_ratio": 6.479774774774774, "ev_to_ebitda": 6.094402160953801}