{"roic": -0.04309948149886322, "roe": -0.15812731818986347, "fcf_yield": 0.05195764975786969, "revenue_growth": -0.14930722190860893, "debt_to_equity": 0.6634322874999837, "operating_margin": -0.040264763252505165, "gross_margin": 0.018402432494454217, "pe_ratio": -10.174972542423195, "ev_to_ebitda": 50.06779888125299}