{"roic": -0.15048105352787372, "roe": -0.1711062989255548, "fcf_yield": -0.1348363376517754, "revenue_growth": 0.17179824037581115, "debt_to_equity": 0.03802026640681309, "operating_margin": -3.8197687060038596, "gross_margin": -0.42516918979153645, "pe_ratio": -5.391498558005246, "ev_to_ebitda": -5.564609555389149}