{"roic": 0.21643477513375034, "roe": 0.6059546002500535, "fcf_yield": 0.052918234702481706, "revenue_growth": 0.2764133752713007, "debt_to_equity": 8.530974769178403, "operating_margin": 0.28708473327907835, "gross_margin": 0.741731037649637, "pe_ratio": 26.859590716720664, "ev_to_ebitda": 19.744876409217454}