{"roic": 0.06197406074485303, "roe": 0.03860146754686192, "fcf_yield": -0.15495958991419115, "revenue_growth": 0.1849222429808173, "debt_to_equity": 0.02888932910723719, "operating_margin": 0.20239348354230235, "gross_margin": 0.27125554622856457, "pe_ratio": 32.199760193815955, "ev_to_ebitda": 2.592260005214444}