{"roic": 0.07283426259131698, "roe": 61.42305570876999, "fcf_yield": 0.08220934152063035, "revenue_growth": 0.01190725134349933, "debt_to_equity": -8.213876227620883, "operating_margin": 0.047307301844621626, "gross_margin": 0.8897420258335306, "pe_ratio": -7.184679228208812, "ev_to_ebitda": 20.91988449838393}