{"roic": 0.04162174168145076, "roe": 0.08032547215637427, "fcf_yield": 0.2867368590219259, "revenue_growth": 0.259962167667907, "debt_to_equity": 1.319719553990495, "operating_margin": 0.46744368375645007, "gross_margin": 0.6889394799256006, "pe_ratio": 9.777816328909086, "ev_to_ebitda": 12.77714548825126}