{"roic": 0.1644648796257634, "roe": -0.3035197318299558, "fcf_yield": 0.057633357007812844, "revenue_growth": 0.16152048457099252, "debt_to_equity": -3.098266706247114, "operating_margin": 0.20204495344778942, "gross_margin": 0.7365332971086427, "pe_ratio": 34.7681506353282, "ev_to_ebitda": 21.000205839462005}