{"roic": 0.04498879282740954, "roe": -0.4227462539916482, "fcf_yield": -0.014788958894561999, "revenue_growth": -0.03167708443691069, "debt_to_equity": 2.244355088153418, "operating_margin": 0.030743982494529542, "gross_margin": 0.18440919037199124, "pe_ratio": -1.1847995351539802, "ev_to_ebitda": 6.293427566765579}