{"roic": -0.06416564854979058, "roe": -0.06238089478498217, "fcf_yield": 0.05426360405556492, "revenue_growth": 0.26022161372619523, "debt_to_equity": 0.0, "operating_margin": -0.0719161160104855, "gross_margin": 0.8737573595303301, "pe_ratio": -71.25734913061349, "ev_to_ebitda": -67.34143097766386}