{"roic": 0.02755277138588998, "roe": 0.07964984849213602, "fcf_yield": 0.19150732626644504, "revenue_growth": 0.02898789426006753, "debt_to_equity": 1.1986478425134222, "operating_margin": 0.2007202881152461, "gross_margin": 0.8441776710684273, "pe_ratio": 17.267512077294686, "ev_to_ebitda": 10.656705080011639}