{"roic": 0.02967665626380517, "roe": -0.029961226647867465, "fcf_yield": 0.11599487215954134, "revenue_growth": -0.15065861690450055, "debt_to_equity": 2.0723707664884135, "operating_margin": 0.12665589660743135, "gross_margin": 0.9663974151857835, "pe_ratio": -6.4590588235294115, "ev_to_ebitda": 6.086529374108053}