{"roic": 0.44606012377834914, "roe": 0.08761102956977172, "fcf_yield": 0.06568012903795069, "revenue_growth": 0.09015148162898064, "debt_to_equity": 0.9246698696000984, "operating_margin": 0.5870815565852993, "gross_margin": 0.2730713207563776, "pe_ratio": 21.7674268138628, "ev_to_ebitda": 11.119143649602579}