{"roic": 0.08670499692374496, "roe": 0.20259602281913297, "fcf_yield": 0.11186881912836678, "revenue_growth": 0.03954684868091868, "debt_to_equity": 1.343717874027238, "operating_margin": 0.19211317820636817, "gross_margin": 0.5848999639680643, "pe_ratio": 15.805729268793177, "ev_to_ebitda": 9.628551624217987}