{"roic": 0.06543901154143716, "roe": 0.10309941879730289, "fcf_yield": 0.22672695503441265, "revenue_growth": 0.03546383303687009, "debt_to_equity": 0.16269918873369962, "operating_margin": 0.2383057132132986, "gross_margin": 0.5877045917264755, "pe_ratio": 11.039479982463506, "ev_to_ebitda": 7.329972449443309}