{"roic": 0.06994783985742611, "roe": 0.10317886849281536, "fcf_yield": 0.024652304188982236, "revenue_growth": 0.0670869127791207, "debt_to_equity": 0.6284188333806944, "operating_margin": 0.21304798307401634, "gross_margin": 0.4501615108007627, "pe_ratio": 20.369531938528983, "ev_to_ebitda": 13.74777853373602}