{"roic": 0.05165632000231234, "roe": 0.06437456505491104, "fcf_yield": -0.02958270253668688, "revenue_growth": -0.14119405725075726, "debt_to_equity": 0.0929433255146092, "operating_margin": 0.09745195491223975, "gross_margin": 0.3820073621836381, "pe_ratio": 33.051472288683485, "ev_to_ebitda": 13.29369000318212}