{"roic": 0.09374388619397221, "roe": 0.13598488945506695, "fcf_yield": 0.10650394543894603, "revenue_growth": 0.07081207356608042, "debt_to_equity": 0.01822424995036651, "operating_margin": 0.03637414922282142, "gross_margin": 0.13568974834757436, "pe_ratio": 21.91775051184988, "ev_to_ebitda": 14.469362055327403}