{"roic": 0.02336189263649019, "roe": 0.08001404099705019, "fcf_yield": 0.0189198603865978, "revenue_growth": -0.041291985651505506, "debt_to_equity": 1.842460921129895, "operating_margin": 0.07623256501028865, "gross_margin": 0.07623256501028865, "pe_ratio": 20.873406676538828, "ev_to_ebitda": 8.166726388672663}