{"roic": -0.4297580740323175, "roe": -0.9451966829135456, "fcf_yield": 0.3074905833389561, "revenue_growth": -0.0636249026951797, "debt_to_equity": 1.0444727304161754, "operating_margin": -0.39349993562075586, "gross_margin": 0.45664141880657677, "pe_ratio": -0.6122901904598758, "ev_to_ebitda": -4.347648999610052}