{"roic": 0.049330431808529425, "roe": 0.14850746268656717, "fcf_yield": 0.08782595576615106, "revenue_growth": 0.013250351335073279, "debt_to_equity": 6.177944862155388, "operating_margin": 0.12114197530864197, "gross_margin": 0.5684799382716049, "pe_ratio": 18.818425929648242, "ev_to_ebitda": 8.031631772209566}