{"roic": 0.13680354938452166, "roe": 0.03546021801693159, "fcf_yield": 0.12299415892152787, "revenue_growth": -0.15753626143763969, "debt_to_equity": 1.3547227142893468, "operating_margin": 0.17187224556103092, "gross_margin": 0.18719946952048014, "pe_ratio": 29.590896309030892, "ev_to_ebitda": 14.222922146712358}