{"roic": 0.07750924417418134, "roe": -0.13123339717268126, "fcf_yield": -0.1862047469248873, "revenue_growth": 0.007111344078976106, "debt_to_equity": 0.03232606790995405, "operating_margin": 0.17428909215356855, "gross_margin": 0.22776662933233774, "pe_ratio": -8.071293082705722, "ev_to_ebitda": 7.054540755082285}