{"roic": 0.03323065097638464, "roe": 0.039350760234890515, "fcf_yield": 0.11656581419443128, "revenue_growth": -0.023914407007466137, "debt_to_equity": 1.5631850413641735, "operating_margin": 0.2560935294713228, "gross_margin": 0.6737386293355518, "pe_ratio": 29.087428085452345, "ev_to_ebitda": 12.03433735549568}