{"roic": 0.2062225143926315, "roe": -0.3618640038040894, "fcf_yield": 0.15022161840747972, "revenue_growth": 0.008892271334441528, "debt_to_equity": -4.541836536594836, "operating_margin": 0.09024317617866005, "gross_margin": 0.7657766749379653, "pe_ratio": 7.330635129215945, "ev_to_ebitda": 6.271211011619959}