{"roic": 0.025937363579431414, "roe": -0.10079189475846076, "fcf_yield": 0.07473200270474838, "revenue_growth": -0.46882081323428443, "debt_to_equity": 0.3857704972785104, "operating_margin": 0.053898264680653174, "gross_margin": 0.5386621959869397, "pe_ratio": -30.435618563842066, "ev_to_ebitda": 34.44083063758739}