{"roic": 0.034832314388535235, "roe": 0.029408673838018352, "fcf_yield": 0.05931939451071079, "revenue_growth": 0.054073930714147476, "debt_to_equity": 0.668037579627263, "operating_margin": 0.06887534757900744, "gross_margin": 0.4609866957056957, "pe_ratio": 43.0615870716077, "ev_to_ebitda": 9.262143334819438}