{"roic": 0.011846355740592871, "roe": 0.009138880702067809, "fcf_yield": 0.11046425335908237, "revenue_growth": -0.049380226121776, "debt_to_equity": 0.40193954996480086, "operating_margin": 0.033540399398780965, "gross_margin": 0.10790898109356702, "pe_ratio": 105.53399330963829, "ev_to_ebitda": 9.186031027723326}