{"roic": -1.405685830692621, "roe": -1.3215759511958982, "fcf_yield": 0.04676777522197718, "revenue_growth": 0.5057735064189917, "debt_to_equity": 0.021237081809920323, "operating_margin": -0.9243748511550369, "gross_margin": 0.7964855577858674, "pe_ratio": -6.838738862039787, "ev_to_ebitda": -6.408823718575041}