{"roic": 0.03558448862295135, "roe": 0.05048878934229253, "fcf_yield": 0.11732001157910597, "revenue_growth": 0.12373337555414819, "debt_to_equity": 0.888973632599695, "operating_margin": 0.08129336761649819, "gross_margin": 0.4091437427353739, "pe_ratio": 31.972791127541583, "ev_to_ebitda": 11.771542630935368}