{"roic": 0.2000623684007165, "roe": 0.30814576042920067, "fcf_yield": 0.01619040595501143, "revenue_growth": 0.16091237753280216, "debt_to_equity": 0.2444614065931316, "operating_margin": 0.13005414662616674, "gross_margin": 0.18591761703722953, "pe_ratio": 16.01580664421676, "ev_to_ebitda": 7.404773970349152}