{"roic": 0.041696026898866125, "roe": 0.10255331220332281, "fcf_yield": 0.15165360277319304, "revenue_growth": -0.13758516326630552, "debt_to_equity": 0.9723078020344716, "operating_margin": 0.08730867895845792, "gross_margin": 0.2676295919564962, "pe_ratio": 8.261055092726533, "ev_to_ebitda": 4.534453234764121}