{"roic": 0.0038985703093805204, "roe": 0.029610040654778597, "fcf_yield": 0.09127401733366401, "revenue_growth": -0.032254355027893575, "debt_to_equity": 0.17355061356410234, "operating_margin": 0.09251067662064581, "gross_margin": 0.4997595722831668, "pe_ratio": 24.198450752598255, "ev_to_ebitda": 15.065716556263133}