{"roic": -0.003373894931897983, "roe": -0.11449518960011187, "fcf_yield": 0.04448148829558607, "revenue_growth": 0.358921674362722, "debt_to_equity": 0.781085358872997, "operating_margin": -0.004743330273093936, "gross_margin": 0.13289205839729773, "pe_ratio": -12.716171176737099, "ev_to_ebitda": 9.957425429093727}