{"roic": 0.03427868719114221, "roe": 0.011654206904117368, "fcf_yield": 0.053864960324763116, "revenue_growth": -0.19268029032722594, "debt_to_equity": 0.7486624912437154, "operating_margin": 0.18458086835378543, "gross_margin": 0.22539194559343498, "pe_ratio": 44.25858250276855, "ev_to_ebitda": 3.3001400301846746}