{"roic": -0.026313916963282422, "roe": -0.17841213289042884, "fcf_yield": 0.19585617242788822, "revenue_growth": -0.013035547607002644, "debt_to_equity": 1.2715519402238846, "operating_margin": -0.0572190036156683, "gross_margin": -0.42131740273491314, "pe_ratio": -0.7540402542718505, "ev_to_ebitda": -83.17725343070379}