{"roic": 0.30089516568988034, "roe": -1.6611991095654057, "fcf_yield": 0.13230169344372716, "revenue_growth": 0.04172673706987168, "debt_to_equity": -3.9291999057197495, "operating_margin": 0.25201350417659163, "gross_margin": 0.5467711515879965, "pe_ratio": 6.443940376419066, "ev_to_ebitda": 6.899370861114564}