{"roic": 0.020921305182341646, "roe": -0.0026021337496747333, "fcf_yield": 0.033741099165522336, "revenue_growth": 0.226457399103139, "debt_to_equity": 5.080611169652266, "operating_margin": 0.1639449935539321, "gross_margin": 0.2922217447357112, "pe_ratio": -886.6458, "ev_to_ebitda": 12.563163577817532}