{"roic": 0.13902934526329108, "roe": 0.19842410593989396, "fcf_yield": 0.1888731304443492, "revenue_growth": 0.21507162105062863, "debt_to_equity": 0.2753091754020257, "operating_margin": 0.24004638017255972, "gross_margin": 0.771614583633196, "pe_ratio": 11.56056325017172, "ev_to_ebitda": 5.285812422691278}