{"roic": 0.05788219588631999, "roe": -0.09999659478418228, "fcf_yield": 0.02816366366423492, "revenue_growth": 0.36414780526415985, "debt_to_equity": 4.804484612744537, "operating_margin": 0.11206266548660866, "gross_margin": 0.7505205598175562, "pe_ratio": -292.56720274372447, "ev_to_ebitda": 44.726188300777146}