{"roic": -0.1977129421239733, "roe": 0.3802486620678428, "fcf_yield": -0.02401619057946679, "revenue_growth": 0.39922739412438, "debt_to_equity": 0.07335513076797706, "operating_margin": -0.363941056841292, "gross_margin": 0.7680164059215834, "pe_ratio": -90.46933127467014, "ev_to_ebitda": -38.73292987867899}