{"roic": 8.353196843188837, "roe": 0.1587997040767045, "fcf_yield": -0.11465624617493288, "revenue_growth": 0.26967063978314953, "debt_to_equity": 1.0391046604029777, "operating_margin": 0.6674514162048343, "gross_margin": 0.8723386754792578, "pe_ratio": 8.673179253363632, "ev_to_ebitda": 14.339333065158318}