{"roic": -0.040732119747381626, "roe": -0.0566090708728585, "fcf_yield": -0.06407219027306368, "revenue_growth": -0.2308348074626424, "debt_to_equity": 0.20448152346164578, "operating_margin": -0.07317207509065039, "gross_margin": -0.0076952822456379626, "pe_ratio": -24.039671666551463, "ev_to_ebitda": 11.492511536504832}