{"roic": 0.03089098850522679, "roe": 0.06601631836155844, "fcf_yield": -0.03297581919257714, "revenue_growth": 0.06967969333506137, "debt_to_equity": 1.021844170544174, "operating_margin": 0.21986588001234864, "gross_margin": 0.5545300410151369, "pe_ratio": 20.486174063785224, "ev_to_ebitda": 12.065852886605992}