{"roic": 0.004031856645097063, "roe": 1.9377431906614786, "fcf_yield": -0.518798034656228, "revenue_growth": -0.06022764946402918, "debt_to_equity": -41.8235294117647, "operating_margin": 0.010583254938852305, "gross_margin": 0.1217074317968015, "pe_ratio": -2.54805890227577, "ev_to_ebitda": 8.561328196566524}