{"roic": 0.04387536076103432, "roe": 0.06297284838945416, "fcf_yield": 0.043359845140133406, "revenue_growth": -0.060961289301703595, "debt_to_equity": 0.2929712831646319, "operating_margin": 0.03825689820240448, "gross_margin": 0.48679117266088656, "pe_ratio": 24.69648813094524, "ev_to_ebitda": 8.873586300485035}