{"roic": -0.016012558869701727, "roe": -0.11755102040816326, "fcf_yield": 0.05302942035827942, "revenue_growth": -0.05848243870112657, "debt_to_equity": 0.927638940693771, "operating_margin": -0.008958369927981732, "gross_margin": 0.12875461092569823, "pe_ratio": -7.8116975308641985, "ev_to_ebitda": 19.4323194125}