{"roic": -0.3549777432346499, "roe": -0.6573448011581368, "fcf_yield": -0.029805029981779557, "revenue_growth": 0.0, "debt_to_equity": 0.00013851715155116867, "operating_margin": 0.0, "gross_margin": 0.0, "pe_ratio": -45.0258130703959, "ev_to_ebitda": -41.597797265241745}