{"roic": 0.0166862237772206, "roe": -0.021731097306360803, "fcf_yield": 0.013314665483734537, "revenue_growth": -0.37140437687948175, "debt_to_equity": 0.30119900875127037, "operating_margin": 0.04597839953300805, "gross_margin": 0.6485793641872831, "pe_ratio": -33.53373805425254, "ev_to_ebitda": 22.714290186852196}