{"roic": 0.019052095432227256, "roe": -0.44486832763510004, "fcf_yield": -0.07370879300107873, "revenue_growth": 0.015347771257482799, "debt_to_equity": 1.9484964967612652, "operating_margin": 0.041778449100899256, "gross_margin": 0.5168852373803314, "pe_ratio": -1.6272752355394462, "ev_to_ebitda": -8.1285972654813}