{"roic": -0.1352461260867765, "roe": -0.4877476252681013, "fcf_yield": -0.060497636951319406, "revenue_growth": 0.7715640806595808, "debt_to_equity": 0.5038368039034181, "operating_margin": -0.9868253572619773, "gross_margin": -0.10899947402582241, "pe_ratio": -7.187866522894706, "ev_to_ebitda": -9.526786392230463}