{"roic": 0.02471832442675466, "roe": 0.13411616257314832, "fcf_yield": 0.1106690082612142, "revenue_growth": 0.010289536716706427, "debt_to_equity": 0.21673507321540714, "operating_margin": 0.4925119280069888, "gross_margin": 0.7833092138825817, "pe_ratio": 10.863859043010672, "ev_to_ebitda": 8.504656648476857}