{"roic": 0.07280275087968748, "roe": 0.09109310784579186, "fcf_yield": 0.09047089497625599, "revenue_growth": -0.07274826503982845, "debt_to_equity": 0.5555167713192841, "operating_margin": 0.07925563752802546, "gross_margin": 0.3639029479654281, "pe_ratio": 14.671839809588281, "ev_to_ebitda": 9.4279712399178}