{"roic": -0.04727061318671001, "roe": -0.07720552876484099, "fcf_yield": -0.0028070992817724413, "revenue_growth": 0.11614529350796193, "debt_to_equity": 0.27957209520911724, "operating_margin": -0.041441372993461734, "gross_margin": 0.1106302735603365, "pe_ratio": -41.99166456679487, "ev_to_ebitda": -292.8557579649918}