{"roic": -0.1516042282042693, "roe": -0.11095854449496384, "fcf_yield": -0.02967751673328239, "revenue_growth": 30.244285714285713, "debt_to_equity": 0.05424494639927894, "operating_margin": -0.7284211970188834, "gross_margin": 0.9789995884961822, "pe_ratio": -21.962973349223383, "ev_to_ebitda": -20.083891131376557}