{"roic": 0.058976383778727846, "roe": 0.269954960407993, "fcf_yield": 0.013279776493340929, "revenue_growth": 0.0027134292827248547, "debt_to_equity": -3.1601466445371362, "operating_margin": 0.07286330032851306, "gross_margin": 0.48939777608796503, "pe_ratio": -2.074122144696642, "ev_to_ebitda": 9.87894778723411}