{"roic": 0.029547134466300324, "roe": -0.10911058891412449, "fcf_yield": 0.12700162834933337, "revenue_growth": 0.01475395752415661, "debt_to_equity": 8.756025414931273, "operating_margin": 0.3313488999960297, "gross_margin": 0.10867915705330398, "pe_ratio": -9.422184830442662, "ev_to_ebitda": 14.47693240217278}