{"roic": -0.33549619397115, "roe": -0.5761173099118575, "fcf_yield": -0.1004489039102973, "revenue_growth": -0.23227519079747816, "debt_to_equity": 0.006077153842637185, "operating_margin": -30.847572395908372, "gross_margin": -6.302838207751044, "pe_ratio": -9.348132385472283, "ev_to_ebitda": -6.458832293968489}