{"roic": -0.0846998763390327, "roe": -0.23200958905757307, "fcf_yield": -0.028237330227931175, "revenue_growth": -1.0, "debt_to_equity": 0.007018253866145455, "operating_margin": 0.0, "gross_margin": 0.0, "pe_ratio": -19.384341838123994, "ev_to_ebitda": -23.500371636734226}