{"roic": -1.174079387852702, "roe": -2.695633345362685, "fcf_yield": -0.06900914640768092, "revenue_growth": 5.5, "debt_to_equity": 13.388214687851871, "operating_margin": -103.86538461538461, "gross_margin": -0.91, "pe_ratio": -14.241338973974507, "ev_to_ebitda": -14.71835043308672}