{"roic": 0.13102339431051133, "roe": 0.07010212744633604, "fcf_yield": 0.06585866155301373, "revenue_growth": 0.19815898585106612, "debt_to_equity": 0.21915500131139082, "operating_margin": 0.22989319391034083, "gross_margin": 0.6948923049570669, "pe_ratio": 15.762523624681547, "ev_to_ebitda": 13.858987081730058}