{"roic": -0.19305286014737116, "roe": -0.37837507547619814, "fcf_yield": -0.0789128139200915, "revenue_growth": 0.0032859213040307917, "debt_to_equity": 1.0635478030816832, "operating_margin": -0.703271479433655, "gross_margin": 0.2256548018804567, "pe_ratio": -6.077860810088072, "ev_to_ebitda": -12.151702717721811}