{"roic": -0.023018849931739034, "roe": -0.23432082004179566, "fcf_yield": -0.0010553934991532274, "revenue_growth": 0.0, "debt_to_equity": 0.0, "operating_margin": 0.0, "gross_margin": 0.0, "pe_ratio": -4.8854720413246655, "ev_to_ebitda": -267.9135307686612}