{"roic": 0.020922015048643, "roe": -0.018439033125368324, "fcf_yield": 0.23411151082175344, "revenue_growth": -0.0031580400200605916, "debt_to_equity": 1.689818968450963, "operating_margin": 0.08071261165377024, "gross_margin": -0.18026099689472047, "pe_ratio": -34.26722458156382, "ev_to_ebitda": 6.186905029180088}