{"roic": 0.2549482938593628, "roe": 0.35113408529849016, "fcf_yield": 0.024839083044067085, "revenue_growth": 0.4763670282351975, "debt_to_equity": 0.04137789318338907, "operating_margin": 0.155525444741579, "gross_margin": 0.39786937293126123, "pe_ratio": 43.88184332370032, "ev_to_ebitda": 28.764890395863354}