{"roic": 0.06179283388163488, "roe": 0.21066668308478595, "fcf_yield": 0.04806262114553362, "revenue_growth": 0.13599458896567532, "debt_to_equity": 0.07956500588867838, "operating_margin": 0.05587177803046335, "gross_margin": 0.8539169127426997, "pe_ratio": 11.284781619012255, "ev_to_ebitda": 22.775932895999542}