{"roic": 0.1375619002578576, "roe": 0.16018300354332402, "fcf_yield": 0.009046865865426709, "revenue_growth": -0.11381832740830569, "debt_to_equity": 0.2852158392141276, "operating_margin": 0.42391100578440466, "gross_margin": 0.4717100161033651, "pe_ratio": 13.582060079350452, "ev_to_ebitda": 7.995434164273288}