{"roic": -0.07447971754358451, "roe": -0.05488833876904135, "fcf_yield": 0.049024472697922775, "revenue_growth": 0.17094789360847157, "debt_to_equity": 0.08963336900272761, "operating_margin": -0.0614773088883058, "gross_margin": 0.7476817605779269, "pe_ratio": -72.72070558588828, "ev_to_ebitda": -106.60774950835791}