{"roic": -0.008690505234716038, "roe": 0.3060105774607436, "fcf_yield": 0.1309385332630559, "revenue_growth": 0.18515462308097605, "debt_to_equity": 0.2293720973260655, "operating_margin": -0.04005448934323464, "gross_margin": 0.7886946667952551, "pe_ratio": 6.374478859734848, "ev_to_ebitda": 3.2271216265441027}