{"roic": -0.5151545432284143, "roe": -0.545444843320523, "fcf_yield": -0.2981569312124877, "revenue_growth": 0.6060340098738344, "debt_to_equity": 0.06934609058622955, "operating_margin": -1.5307511897442905, "gross_margin": 0.9723493559821178, "pe_ratio": -3.539033909836359, "ev_to_ebitda": -2.8047298415897504}