{"roic": 0.07213159208629982, "roe": 0.22760197362569357, "fcf_yield": 0.07312353712232356, "revenue_growth": 0.04932934624802271, "debt_to_equity": 0.01701074621384389, "operating_margin": 0.2583868249607804, "gross_margin": 0.6252720251918734, "pe_ratio": 39.519960588892886, "ev_to_ebitda": 9.20979369256938}