{"roic": -0.306184479710034, "roe": -0.3279831111513006, "fcf_yield": -0.07101654622118624, "revenue_growth": 0.0, "debt_to_equity": 0.0025195113445593965, "operating_margin": 0.0, "gross_margin": 0.0, "pe_ratio": -11.130117310117633, "ev_to_ebitda": -11.898860070766311}