{"roic": -1.0461767357980163, "roe": 0.013994571023966978, "fcf_yield": 0.03638218965721544, "revenue_growth": 0.02759380346387307, "debt_to_equity": 0.7171901261448389, "operating_margin": 0.1753178950549658, "gross_margin": 0.2024978278115674, "pe_ratio": 81.82029475767081, "ev_to_ebitda": 16.428427376751262}