{"roic": -0.024253764830470446, "roe": -0.20599471000483774, "fcf_yield": 0.004725336615412601, "revenue_growth": 0.26240075425918197, "debt_to_equity": 4.523857080826251, "operating_margin": -0.027441737079727004, "gross_margin": 0.7100162340341003, "pe_ratio": -141.33478260869566, "ev_to_ebitda": 928.5047198500313}