{"roic": 0.09422854232687963, "roe": -0.08223542581257896, "fcf_yield": 0.1754336239611418, "revenue_growth": -0.15724936683645885, "debt_to_equity": -2.283124877434739, "operating_margin": 0.33175643506184344, "gross_margin": 0.90581831565654, "pe_ratio": 29.988533122371656, "ev_to_ebitda": 9.04561154490822}