{"roic": 0.05353006142535665, "roe": 0.08228804413347107, "fcf_yield": 0.049810300555161245, "revenue_growth": 0.07565554154850647, "debt_to_equity": 0.8141113282401001, "operating_margin": 0.10410086281318941, "gross_margin": 0.23313362657773834, "pe_ratio": 20.31283517041488, "ev_to_ebitda": 12.98518168199257}