{"roic": 0.08013010077344686, "roe": 0.17437453301692857, "fcf_yield": 0.1036614548854902, "revenue_growth": -0.03017120766360064, "debt_to_equity": 0.07757240603501322, "operating_margin": 0.13043320799735836, "gross_margin": 0.3882438406067255, "pe_ratio": 13.217145031829505, "ev_to_ebitda": 7.812108515544093}