{"roic": 3.2505038214380777, "roe": 0.07835184301212711, "fcf_yield": 0.2625148118824975, "revenue_growth": 0.03166996182475833, "debt_to_equity": 6.092712533975996, "operating_margin": 0.6090258507375493, "gross_margin": 0.5939934527138465, "pe_ratio": 11.800222590757471, "ev_to_ebitda": 34.353261474610804}