{"roic": 0.18787737021388576, "roe": 0.06097552341886711, "fcf_yield": 0.044778219687484494, "revenue_growth": 0.09196128099746691, "debt_to_equity": 0.5782410485005753, "operating_margin": 0.1671500851943863, "gross_margin": 0.49603618485230805, "pe_ratio": 22.81676333357617, "ev_to_ebitda": 11.155288359223333}