{"roic": -0.16008134687354683, "roe": -0.11546194176247002, "fcf_yield": -0.0954665398260971, "revenue_growth": -0.055534567434831886, "debt_to_equity": 0.02313805493602781, "operating_margin": -8.818064876957495, "gross_margin": 0.47197986577181206, "pe_ratio": -7.820521589966997, "ev_to_ebitda": -6.275478620504643}