{"roic": -0.03635232973457462, "roe": -0.10611535083468843, "fcf_yield": 0.08439915021206881, "revenue_growth": -0.08900590522407695, "debt_to_equity": 2.1970905070016156, "operating_margin": -0.012912205825133674, "gross_margin": -0.14461951311477383, "pe_ratio": -6.277583972731784, "ev_to_ebitda": 19.64365518642391}