{"roic": 0.06754664725387452, "roe": 0.09764508371523209, "fcf_yield": 0.16229578977430006, "revenue_growth": -0.08258974891056235, "debt_to_equity": 1.0880349344978166, "operating_margin": 0.1300610721556209, "gross_margin": 0.37729020583578377, "pe_ratio": 13.28884758643123, "ev_to_ebitda": 5.7966231624807785}