{"roic": -0.28071191590709427, "roe": -0.6463690254240513, "fcf_yield": -0.13099042574228587, "revenue_growth": 0.0, "debt_to_equity": 0.0021773257387569995, "operating_margin": 0.0, "gross_margin": 0.0, "pe_ratio": -13.461808413782277, "ev_to_ebitda": -7.4206464470488855}