{"roic": -0.028179062999873116, "roe": -0.3313197026022305, "fcf_yield": -0.5254390413071551, "revenue_growth": -0.023386140747925423, "debt_to_equity": 5.156906077348066, "operating_margin": -0.04562322636978826, "gross_margin": 0.39707487448155426, "pe_ratio": -2.51179523141655, "ev_to_ebitda": 20.96806352739726}