{"roic": 0.0545885279227765, "roe": 0.06482738065039825, "fcf_yield": 0.05023311726777204, "revenue_growth": 0.0053836946064625925, "debt_to_equity": 0.17677229098063443, "operating_margin": 0.05371791208587502, "gross_margin": 0.3008112307939144, "pe_ratio": 27.408029347028613, "ev_to_ebitda": 11.196824156339614}