{"roic": 0.08443465518294108, "roe": 0.18676000608735352, "fcf_yield": 0.008525062523777306, "revenue_growth": 0.11541005291005291, "debt_to_equity": 1.2085945514647214, "operating_margin": 0.06622731201382887, "gross_margin": 0.10239304208081244, "pe_ratio": 18.40027744458931, "ev_to_ebitda": 10.16015981617647}