{"roic": -0.5787862705966904, "roe": -4.4441313493144765, "fcf_yield": -0.06006316298215937, "revenue_growth": 0.0, "debt_to_equity": -104.83474732571007, "operating_margin": -2.3106818757245846, "gross_margin": 0.6869927907999414, "pe_ratio": -8.056086998133704, "ev_to_ebitda": -8.66570216284832}