{"roic": 0.05993477389708331, "roe": 0.09014282659731764, "fcf_yield": 0.15440210127248968, "revenue_growth": -0.10012458719848498, "debt_to_equity": 0.4984974086947183, "operating_margin": 0.07280381420220189, "gross_margin": 0.17937724016152806, "pe_ratio": 9.140308742797515, "ev_to_ebitda": 10.046884371943793}