{"roic": 0.10780315106665651, "roe": 0.28274569919945497, "fcf_yield": 0.10151077165178979, "revenue_growth": 0.005683285972616895, "debt_to_equity": 2.0785096473719227, "operating_margin": 0.0925476160040905, "gross_margin": 0.14674677233797775, "pe_ratio": 11.641084337349398, "ev_to_ebitda": 7.826183190021232}