{"roic": 0.05863080478747053, "roe": 0.20434961017644646, "fcf_yield": -0.030579889020893827, "revenue_growth": -0.06198604535260404, "debt_to_equity": 3.823283082077052, "operating_margin": 0.045493618990940954, "gross_margin": 0.21854129471665676, "pe_ratio": 13.131614457831324, "ev_to_ebitda": 2.4872874901894453}