{"roic": -0.11996994335911029, "roe": -0.4554660682229086, "fcf_yield": -0.18703198698349693, "revenue_growth": 0.18869147298074979, "debt_to_equity": 1.2202150345750613, "operating_margin": -0.6524887035712417, "gross_margin": -0.0824508452694569, "pe_ratio": -5.990922947347334, "ev_to_ebitda": -12.420436163101604}