{"roic": 0.010616663197168889, "roe": 0.05079533873897824, "fcf_yield": 0.27624507918815305, "revenue_growth": 0.03622077837977853, "debt_to_equity": 0.37476691280674274, "operating_margin": 0.03355326345680044, "gross_margin": 0.10819726896897315, "pe_ratio": 14.013034263782274, "ev_to_ebitda": 17.946506471686373}