{"roic": 0.057637045760405105, "roe": 0.08613653160170184, "fcf_yield": 0.03388657309299361, "revenue_growth": -0.03910989257408402, "debt_to_equity": 0.4900196724502809, "operating_margin": 0.08283324796091257, "gross_margin": 0.3113051144647149, "pe_ratio": 26.882090514434456, "ev_to_ebitda": 12.115612673704488}