{"roic": 0.07533352990532052, "roe": 0.0732178525819444, "fcf_yield": 0.026994143156461113, "revenue_growth": 0.07172538392050587, "debt_to_equity": 0.19379646244552678, "operating_margin": 0.14069369809477283, "gross_margin": 0.4191499739456115, "pe_ratio": 48.352593917710195, "ev_to_ebitda": 23.024467532679736}