{"roic": 0.021370249566922378, "roe": -0.15640164754939187, "fcf_yield": 0.10996996552189131, "revenue_growth": 0.18980005111505677, "debt_to_equity": -6.8371130920796634, "operating_margin": 0.09348391992922196, "gross_margin": 0.31577560220563605, "pe_ratio": 12.53243346128098, "ev_to_ebitda": 5.932381476888805}