{"roic": -0.7369231881734122, "roe": -2.553720499601618, "fcf_yield": -0.058669986273198346, "revenue_growth": 0.0, "debt_to_equity": 0.376025364874224, "operating_margin": 0.0, "gross_margin": 0.0, "pe_ratio": -10.171186959694218, "ev_to_ebitda": -9.28430424765773}