{"roic": 0.017844396859386154, "roe": -0.1647891857096878, "fcf_yield": 0.3245220954284886, "revenue_growth": 0.024928092042186004, "debt_to_equity": 0.3506311360448808, "operating_margin": 0.023386342376052385, "gross_margin": 0.21702525724976612, "pe_ratio": -9.878010009999999, "ev_to_ebitda": 23.839418685185183}