{"roic": -0.012613133855256588, "roe": 0.08037651085110295, "fcf_yield": -10.40008832146502, "revenue_growth": -0.23580984642407166, "debt_to_equity": 9.04752380107812, "operating_margin": -0.2505900317546166, "gross_margin": 0.2922537792764374, "pe_ratio": 282.5168490214456, "ev_to_ebitda": 6110.447609861241}