{"roic": -0.03110978275696668, "roe": -0.7899730790798853, "fcf_yield": -0.11703722222176699, "revenue_growth": -0.22533213796693005, "debt_to_equity": 5.798395732041847, "operating_margin": -0.10260540160477748, "gross_margin": 0.009526139969676179, "pe_ratio": -2.1873018322744384, "ev_to_ebitda": 14.77272866454201}