{"roic": 0.028065799103802573, "roe": 0.04049208408337177, "fcf_yield": -0.009061194497358791, "revenue_growth": -0.020190572801504717, "debt_to_equity": 0.8958518273511812, "operating_margin": 0.2719691989182568, "gross_margin": 0.49865411647895647, "pe_ratio": 18.167301420314473, "ev_to_ebitda": 11.03040797408833}