{"roic": -0.021760088142129184, "roe": -0.13650910881339243, "fcf_yield": -0.017317095409896056, "revenue_growth": -0.01467860738699592, "debt_to_equity": 0.7686060444681134, "operating_margin": -0.016994729482628805, "gross_margin": 0.11455308163923847, "pe_ratio": -8.171325518485121, "ev_to_ebitda": 38.07680405263158}