{"roic": 0.10889851995110501, "roe": 0.12050961495122928, "fcf_yield": 0.015577863107592854, "revenue_growth": 0.0746085077885119, "debt_to_equity": 0.6529904233476872, "operating_margin": 0.39789633046760325, "gross_margin": 0.9387712308660097, "pe_ratio": 15.504922222799376, "ev_to_ebitda": 8.268297318896249}