{"roic": 0.03736051641364993, "roe": 0.06911502167814333, "fcf_yield": 0.7061129903047769, "revenue_growth": -0.04278404537328155, "debt_to_equity": 1.6378458498023716, "operating_margin": 0.03284601017582276, "gross_margin": 0.4056804276421717, "pe_ratio": 6.058745387453874, "ev_to_ebitda": 6.160595906344411}