{"roic": 0.13493916724025656, "roe": 0.450511066589684, "fcf_yield": 0.1079407660357895, "revenue_growth": 0.20959373027384032, "debt_to_equity": 2.2905728251075033, "operating_margin": 0.11415566095777893, "gross_margin": 0.46583864326280633, "pe_ratio": 17.61956544677558, "ev_to_ebitda": 12.075467777297789}