{"roic": -0.48763060774155004, "roe": -1.0258566184015925, "fcf_yield": -0.0908683016210591, "revenue_growth": 0.2523801570068482, "debt_to_equity": 0.11747781893358601, "operating_margin": -4.499436886873537, "gross_margin": 0.945585489463857, "pe_ratio": -2.7694740298421765, "ev_to_ebitda": -2.2389976898463577}