{"roic": 0.005015730781268016, "roe": 0.0030403001487806455, "fcf_yield": 0.0025732100697970694, "revenue_growth": -0.05720737674068498, "debt_to_equity": 2.9362907953879227, "operating_margin": 0.10419161676646707, "gross_margin": 0.18782435129740518, "pe_ratio": 319.27755152340427, "ev_to_ebitda": 14.696625951219513}