{"roic": 0.04040568794033667, "roe": 0.0371099227657996, "fcf_yield": 0.08162870341466553, "revenue_growth": -0.23261700487854498, "debt_to_equity": 2.78319694618086, "operating_margin": 0.606589321581677, "gross_margin": 0.7112924823375404, "pe_ratio": 23.569983010252308, "ev_to_ebitda": 19.173324789480926}