{"roic": -0.09596096468433735, "roe": -0.1074002118988286, "fcf_yield": 0.0031055034254457822, "revenue_growth": 0.3162056530410782, "debt_to_equity": 0.15967876374316975, "operating_margin": -0.10159568361841351, "gross_margin": 0.29833161137259406, "pe_ratio": -154.04961776111136, "ev_to_ebitda": -459.2405412984565}