{"roic": 0.15722574109658213, "roe": 0.2538041550380841, "fcf_yield": 0.059052421702162725, "revenue_growth": 0.08635540219143877, "debt_to_equity": 0.6891938155557102, "operating_margin": 0.23974914748802342, "gross_margin": 0.26920510448736534, "pe_ratio": 15.915290940567145, "ev_to_ebitda": 9.708692634768962}