{"roic": 0.036219796730806025, "roe": 0.11921447390484104, "fcf_yield": -1.6080165502905448, "revenue_growth": 0.14970006753218115, "debt_to_equity": 0.0, "operating_margin": 0.15409150282421363, "gross_margin": 0.6722855183151469, "pe_ratio": 11.210892504598283, "ev_to_ebitda": 7.354457221919796}