{"roic": -0.5377017028274483, "roe": -1.3309034199452432, "fcf_yield": -1.7726322916309176, "revenue_growth": 0.6758311133998158, "debt_to_equity": 1.1996969135088187, "operating_margin": -2.586629388605323, "gross_margin": -0.9280508793830653, "pe_ratio": -0.7555036953860397, "ev_to_ebitda": -0.8784644488481997}