{"roic": 0.07511148012779503, "roe": 0.1375512300696853, "fcf_yield": 0.09813608874125665, "revenue_growth": 0.10178771134884775, "debt_to_equity": 0.9078307183908679, "operating_margin": 0.06790898727491905, "gross_margin": 0.23781925207974638, "pe_ratio": 15.025429003984067, "ev_to_ebitda": 9.341945467343026}