{"roic": -0.07652064696100062, "roe": -0.24385197843144316, "fcf_yield": -1.3966098940749123, "revenue_growth": 0.37585061876612047, "debt_to_equity": 21.480474513248677, "operating_margin": -0.027096456215158632, "gross_margin": 0.7843940542377185, "pe_ratio": -5.607655206397855, "ev_to_ebitda": -2478.0631237553343}