{"roic": 0.06917655891894205, "roe": 0.2614931346934238, "fcf_yield": 0.18917119403600124, "revenue_growth": -0.07493840678894059, "debt_to_equity": 1.6193037355759827, "operating_margin": 0.05908608912233977, "gross_margin": 0.1816724618381791, "pe_ratio": 6.482142857142858, "ev_to_ebitda": 5.327340433875678}