{"roic": 0.02204963929591285, "roe": 0.18292969668469317, "fcf_yield": 0.007992194205212353, "revenue_growth": 0.015158371040723982, "debt_to_equity": 1.5863285844987582, "operating_margin": 0.1118787608647203, "gross_margin": 0.26186761756184534, "pe_ratio": 50.05043907455012, "ev_to_ebitda": 28.896368397085613}