{"roic": 0.009591676575883949, "roe": 0.006501842962628028, "fcf_yield": 0.05004580212520382, "revenue_growth": 0.1385444894761665, "debt_to_equity": 0.1276101813591582, "operating_margin": 0.017210740827853975, "gross_margin": 0.3044748768680426, "pe_ratio": 300.80725240608507, "ev_to_ebitda": 36.37817461727894}