{"roic": 0.015335281909531066, "roe": 0.033936948534056675, "fcf_yield": -0.06134394713793142, "revenue_growth": -0.22568530435422168, "debt_to_equity": 0.813092473699281, "operating_margin": 0.0472123645314311, "gross_margin": 0.20298598415600244, "pe_ratio": 15.88655263666959, "ev_to_ebitda": 29.025830972072644}