{"roic": 0.021817178855438303, "roe": 0.3585759140646405, "fcf_yield": 0.02191586174897513, "revenue_growth": 0.3176368295808164, "debt_to_equity": 0.5662097624511567, "operating_margin": 0.03846114558072734, "gross_margin": 0.778052672115976, "pe_ratio": 23.43166028594728, "ev_to_ebitda": 88.2661008580991}