{"roic": -0.8511736631927534, "roe": -1.1006533421733873, "fcf_yield": -0.06174796873604983, "revenue_growth": null, "debt_to_equity": 0.1540350221225151, "operating_margin": 17.563867798124164, "gross_margin": 0.6103171058508262, "pe_ratio": -21.938655280905678, "ev_to_ebitda": -14.652575805047867}