{"roic": 0.08755230810097052, "roe": 0.13324053433394864, "fcf_yield": 0.07415369546522689, "revenue_growth": 0.1958844596239959, "debt_to_equity": -3.295283622987684, "operating_margin": 0.05899335814033117, "gross_margin": 0.37635778106635503, "pe_ratio": -34.516925138790754, "ev_to_ebitda": 16.53309806261732}