{"roic": 0.0196078431372549, "roe": 0.2085772864661495, "fcf_yield": -0.021493549200601116, "revenue_growth": -0.12533249882647474, "debt_to_equity": -0.12456910059542463, "operating_margin": 0.02629695885509839, "gross_margin": 0.34322003577817534, "pe_ratio": -14.870287798946087, "ev_to_ebitda": 2.8001449708275756}