{"roic": -0.07178416572988598, "roe": -0.26521552341400545, "fcf_yield": 0.004480175921014071, "revenue_growth": 0.4015194681861349, "debt_to_equity": 0.3467181467181467, "operating_margin": -0.16331750091340885, "gross_margin": 0.47582511265375715, "pe_ratio": -31.127387823470123, "ev_to_ebitda": -34.34637845898923}