{"roic": 0.2871250492435677, "roe": 0.2952529924743382, "fcf_yield": 0.05863214211419958, "revenue_growth": 0.07073364814395325, "debt_to_equity": 0.14964305721139345, "operating_margin": 0.2761034899424266, "gross_margin": 0.5269519857488094, "pe_ratio": 19.87374733969986, "ev_to_ebitda": 13.842589655645066}