{"roic": -0.08508979562144171, "roe": -0.7017434647701856, "fcf_yield": -0.010473773113539152, "revenue_growth": 0.17261567351039167, "debt_to_equity": 0.13172663640284848, "operating_margin": -0.20281369289344742, "gross_margin": 0.29187350992954697, "pe_ratio": -28.072016988907237, "ev_to_ebitda": -159.44481748553528}