{"roic": -0.20463715700293555, "roe": -2.0933478105709145, "fcf_yield": -0.011908887993208581, "revenue_growth": 10.311803372392111, "debt_to_equity": 4.423147403235899, "operating_margin": -0.3245073269327943, "gross_margin": 0.9720944921677614, "pe_ratio": -48.20103694678196, "ev_to_ebitda": -75.02629128981955}