{"roic": 0.13872859890659595, "roe": 0.1988925561980205, "fcf_yield": 0.10107997984555707, "revenue_growth": 0.17903708158890705, "debt_to_equity": 0.33340195197710004, "operating_margin": 0.1584515304663668, "gross_margin": 0.3834252553077792, "pe_ratio": 12.96727252404876, "ev_to_ebitda": 7.264026750215592}