{"roic": -0.13569712959448443, "roe": 0.23456775922307996, "fcf_yield": -0.013703229196157532, "revenue_growth": -0.07868859649122807, "debt_to_equity": -0.49730540882553775, "operating_margin": -0.4152690434592186, "gross_margin": 0.12401753792981972, "pe_ratio": -31.562521731948546, "ev_to_ebitda": -50.408431611693956}