{"roic": -0.2603993559797338, "roe": -0.4611005668479362, "fcf_yield": -0.006227991846161445, "revenue_growth": 1.4774331886407615, "debt_to_equity": 0.0348134785292092, "operating_margin": -87.65457347322202, "gross_margin": -3.523940807667138, "pe_ratio": -109.45801700144982, "ev_to_ebitda": -126.79267340597384}