{"roic": 0.014899174337488953, "roe": 0.04606357379819818, "fcf_yield": 0.05294496061520892, "revenue_growth": -0.02295945410619933, "debt_to_equity": 0.6323056975396816, "operating_margin": 0.14484629138558017, "gross_margin": -0.17104456210968205, "pe_ratio": 32.12653271818695, "ev_to_ebitda": 13.182987336106908}