{"roic": -0.2871029661240806, "roe": -0.419369013826382, "fcf_yield": -0.09824934412470268, "revenue_growth": 0.6023615713780123, "debt_to_equity": 0.578744257843739, "operating_margin": -0.9820693532518121, "gross_margin": 0.9885950645543441, "pe_ratio": -11.767264709387788, "ev_to_ebitda": -16.841549586292572}