{"roic": 0.06476235802733395, "roe": 0.0890559973169598, "fcf_yield": 0.13605078878642662, "revenue_growth": 0.17765696784073506, "debt_to_equity": 0.8917283207078381, "operating_margin": 0.12521539524344927, "gross_margin": 0.19603813100085302, "pe_ratio": 23.441081239932082, "ev_to_ebitda": 9.425338056204641}