{"roic": 0.04608258208344638, "roe": 0.08900271772561037, "fcf_yield": 0.05075344660526331, "revenue_growth": 0.2208914099796013, "debt_to_equity": 0.7397898591597201, "operating_margin": 0.07048699419358753, "gross_margin": 0.25171232595930426, "pe_ratio": 31.552131607606597, "ev_to_ebitda": 17.774246382451796}