{"roic": 0.05771868174092747, "roe": 0.08173049543947755, "fcf_yield": 0.12691610978991677, "revenue_growth": 0.10876091282789813, "debt_to_equity": 0.14189385741380714, "operating_margin": 0.03479034922616835, "gross_margin": 0.6588024755205723, "pe_ratio": 77.57072465646876, "ev_to_ebitda": 12.29544557416268}