{"roic": 0.04602026861956898, "roe": 0.08122844393055646, "fcf_yield": 0.10915088940634271, "revenue_growth": 0.030375759577181933, "debt_to_equity": 1.0056248223113036, "operating_margin": 0.05523964256701868, "gross_margin": 0.4348072178596143, "pe_ratio": 17.260162356682567, "ev_to_ebitda": 8.725463396379647}