{"roic": 0.08081797367847215, "roe": 0.13361728480880672, "fcf_yield": 0.01697733108255212, "revenue_growth": 0.3923358847950182, "debt_to_equity": 0.2748954770049411, "operating_margin": 0.041417706185867195, "gross_margin": 0.2506842773448874, "pe_ratio": 104.13705081346954, "ev_to_ebitda": 46.96369817852138}