{"roic": -0.00651428816844334, "roe": -0.008069079190139978, "fcf_yield": -0.09148163627093685, "revenue_growth": 0.005780249693344311, "debt_to_equity": 0.745230024213075, "operating_margin": 0.00817317104890843, "gross_margin": 0.16488910171299218, "pe_ratio": -86.90756097560975, "ev_to_ebitda": 10.691956207715009}