{"roic": -0.48985639806091646, "roe": -0.7646320165119871, "fcf_yield": -0.006281007819311166, "revenue_growth": 0.0, "debt_to_equity": 0.0, "operating_margin": 0.0, "gross_margin": 0.0, "pe_ratio": -767.6974386137118, "ev_to_ebitda": -143.54651160097288}