{"roic": 0.08939108418926064, "roe": 0.22749297717986708, "fcf_yield": 0.08860674765938377, "revenue_growth": -0.005938419338732302, "debt_to_equity": 1.232244587922522, "operating_margin": 0.09997267460620132, "gross_margin": 0.47885458487971344, "pe_ratio": 8.902597415612554, "ev_to_ebitda": 8.341446985947117}