{"roic": -0.15667602591792656, "roe": -0.7752312022517089, "fcf_yield": 0.18205865274923888, "revenue_growth": 0.0029781434556559487, "debt_to_equity": 2.2512532564668137, "operating_margin": -0.19260191243080022, "gross_margin": 0.1746351283341721, "pe_ratio": -1.521800619442798, "ev_to_ebitda": 9.08607354385965}