{"roic": -0.37667845826985025, "roe": -0.40698125564518883, "fcf_yield": -0.07499022919899398, "revenue_growth": -1.0, "debt_to_equity": 0.06565699250069021, "operating_margin": 0.0, "gross_margin": 0.0, "pe_ratio": -8.918377158633312, "ev_to_ebitda": -9.91948590374046}