{"roic": 0.028461164967267732, "roe": 0.019793172467474703, "fcf_yield": 0.10105609328224278, "revenue_growth": 0.012701821952303363, "debt_to_equity": 1.0034210917745054, "operating_margin": 0.04889018905181555, "gross_margin": 0.2925000914177058, "pe_ratio": 43.14524344569289, "ev_to_ebitda": 11.020447638428774}