{"roic": -0.2651417848094078, "roe": -0.28716995398795797, "fcf_yield": -0.08184498520617756, "revenue_growth": 0.0, "debt_to_equity": 0.0016142006321383012, "operating_margin": 0.0, "gross_margin": 0.0, "pe_ratio": -12.500160050591576, "ev_to_ebitda": -9.693403930931215}