{"roic": 0.011306180325994585, "roe": 0.09926120629853281, "fcf_yield": 0.060298408263205996, "revenue_growth": 0.7484646969334643, "debt_to_equity": 0.07566762389517488, "operating_margin": 0.28573293085330675, "gross_margin": 0.6851296570218709, "pe_ratio": 14.887043794451975, "ev_to_ebitda": 11.283449804218108}