{"roic": 0.051652194610631724, "roe": 0.09835019310521073, "fcf_yield": 0.03403495972479922, "revenue_growth": 0.05730617546321755, "debt_to_equity": 0.8193168764199832, "operating_margin": 0.203406779851459, "gross_margin": 0.5868614628628787, "pe_ratio": 21.002995360922917, "ev_to_ebitda": 10.878965627382069}