{"roic": 0.08983681097148434, "roe": 0.1957566606035696, "fcf_yield": 0.1336760081669203, "revenue_growth": -0.04921708225715988, "debt_to_equity": 0.7626008541855787, "operating_margin": 0.11217812899554772, "gross_margin": 0.25502116415662884, "pe_ratio": 11.611732713377029, "ev_to_ebitda": 8.105173514297109}