{"roic": 0.036487461499889934, "roe": 0.06943546247301192, "fcf_yield": -0.06886630158736609, "revenue_growth": 0.06662313180255953, "debt_to_equity": 0.9882261171178222, "operating_margin": 0.1548675044090535, "gross_margin": 0.29866477807541814, "pe_ratio": 24.25603192522776, "ev_to_ebitda": 13.966303476915405}