{"roic": 0.10809811874014144, "roe": 0.12855817576807174, "fcf_yield": 0.11950114089007725, "revenue_growth": 0.1999289151826278, "debt_to_equity": 0.006174465702901175, "operating_margin": 0.10165735357561066, "gross_margin": 0.8104263820695605, "pe_ratio": 17.797079086496172, "ev_to_ebitda": 7.033780604420388}