{"roic": -0.0010513256527272515, "roe": -0.0017283214062754674, "fcf_yield": 0.11383506420202591, "revenue_growth": 0.19262487525039668, "debt_to_equity": 0.7957599601041725, "operating_margin": 0.014184781430831581, "gross_margin": 0.3882375038830252, "pe_ratio": -922.3686832740215, "ev_to_ebitda": 14.058271434341457}