{"roic": -0.044612837408894344, "roe": -0.12011919459012996, "fcf_yield": -0.08104021581293269, "revenue_growth": -0.1946240028816065, "debt_to_equity": 0.0362329030577005, "operating_margin": -0.1042752945298145, "gross_margin": 0.02498425323041717, "pe_ratio": -15.397745208568207, "ev_to_ebitda": 26.946699833610648}