{"roic": 0.020306138474921413, "roe": 0.09662892112260674, "fcf_yield": 0.07187803171075871, "revenue_growth": 2.130225172384195, "debt_to_equity": 6.014923168252909, "operating_margin": 0.6334597432905484, "gross_margin": 1.1672006809878148, "pe_ratio": 6.10062333293692, "ev_to_ebitda": 34.672960152852816}