{"roic": 0.039151004138830756, "roe": 0.04641058033980841, "fcf_yield": -0.026254073752417922, "revenue_growth": 0.21245918155426036, "debt_to_equity": 1.5262522174225346, "operating_margin": 0.533625317307022, "gross_margin": 0.9384783206000434, "pe_ratio": 17.429589131694343, "ev_to_ebitda": 15.752172651055218}