{"roic": 0.06302211959524229, "roe": 0.17850569846111308, "fcf_yield": 0.081056640747808, "revenue_growth": 0.06851998742834907, "debt_to_equity": 0.3021575323900905, "operating_margin": 0.13693198291764302, "gross_margin": 0.6265594513924586, "pe_ratio": 13.525223873372381, "ev_to_ebitda": 10.838434045745725}