{"roic": -0.7092335287660965, "roe": 44.3886891458556, "fcf_yield": -0.06508081698032421, "revenue_growth": 1.4457165179242164, "debt_to_equity": -15.309166235111341, "operating_margin": -1.3019621334054134, "gross_margin": 0.9404971065596933, "pe_ratio": -6.68400784581571, "ev_to_ebitda": -10.643811209299002}