{"roic": -0.08311421401326644, "roe": -0.13364338047631077, "fcf_yield": 0.14105676337753165, "revenue_growth": 0.0718299312718633, "debt_to_equity": 3.4736864506243696, "operating_margin": 0.1471906968685157, "gross_margin": 0.8084107481770053, "pe_ratio": -30.32144566975309, "ev_to_ebitda": 6.4727766748545195}