{"roic": 0.060418047918693055, "roe": -0.11155786579411442, "fcf_yield": 0.03290756609290326, "revenue_growth": 0.1964796960191988, "debt_to_equity": 0.0017116582313394634, "operating_margin": 0.05578293830315533, "gross_margin": 0.3038297803709919, "pe_ratio": -58.94694640834512, "ev_to_ebitda": -144.9789964277571}