{"roic": 0.013761248597126642, "roe": 0.014325870753249719, "fcf_yield": 0.018697340059498187, "revenue_growth": 0.07504646840148699, "debt_to_equity": 0.6712179731273459, "operating_margin": 0.047400611620795105, "gross_margin": 0.47054026503567786, "pe_ratio": 191.34401155378487, "ev_to_ebitda": 27.985463735717833}