{"roic": 0.049093289340965664, "roe": 0.06946292877688576, "fcf_yield": 0.09189119200182173, "revenue_growth": 0.04421122365370199, "debt_to_equity": 0.672925154928613, "operating_margin": 0.1355467348042918, "gross_margin": 0.8433156025519469, "pe_ratio": 41.06965883807169, "ev_to_ebitda": 13.970225830354808}