{"roic": 0.007307094050030384, "roe": 0.008290791847388016, "fcf_yield": 0.07497601809506409, "revenue_growth": 0.011437548230625068, "debt_to_equity": 1.3344564240790655, "operating_margin": 0.05643144763509068, "gross_margin": 0.3869396994183139, "pe_ratio": 102.97837468333334, "ev_to_ebitda": 8.427100261951908}