{"roic": -0.2638098757834088, "roe": -0.3293554662750915, "fcf_yield": -0.07342497588545445, "revenue_growth": 0.0, "debt_to_equity": 0.0, "operating_margin": 0.0, "gross_margin": 0.0, "pe_ratio": -15.2392692925361, "ev_to_ebitda": -10.621811020403257}