{"roic": 0.11607819929825451, "roe": 0.21759530560080487, "fcf_yield": 0.06107462831557873, "revenue_growth": 0.023572249579124183, "debt_to_equity": 1.0091393710475332, "operating_margin": 0.10783905232331041, "gross_margin": 0.23470912771158953, "pe_ratio": 9.673808935905814, "ev_to_ebitda": 7.155364159244317}