{"roic": 0.05562230626602765, "roe": 0.08948369001974316, "fcf_yield": 0.0740807023668906, "revenue_growth": 0.11663425515696853, "debt_to_equity": 0.5202172704963584, "operating_margin": 0.12135563196494534, "gross_margin": 0.48693133594030125, "pe_ratio": 26.48410041841004, "ev_to_ebitda": 12.56465117827599}