{"roic": 0.05769933575879079, "roe": -0.11208503398109294, "fcf_yield": 0.015433647166371491, "revenue_growth": 0.2222805985205111, "debt_to_equity": -9.278017325859434, "operating_margin": 0.11084460950350464, "gross_margin": 0.7638509195738267, "pe_ratio": 148.04959235886065, "ev_to_ebitda": 24.528480903846155}