{"roic": 0.018515215233212326, "roe": -0.020591370816118698, "fcf_yield": 0.09404151893837687, "revenue_growth": -0.06379675890064843, "debt_to_equity": 0.8029768044645454, "operating_margin": 0.022641403751756727, "gross_margin": 0.3476680516800076, "pe_ratio": -42.14931714719271, "ev_to_ebitda": 15.565375295152554}