{"roic": 0.03117257514179372, "roe": -0.03685261677379025, "fcf_yield": 0.015222125353059487, "revenue_growth": 0.28603854218849056, "debt_to_equity": 0.0, "operating_margin": 0.08288376486161335, "gross_margin": 0.7719593371780774, "pe_ratio": -116.52419817927172, "ev_to_ebitda": 20.42532172232119}