{"roic": -0.05901726036744665, "roe": -0.016230175947345462, "fcf_yield": 0.06504333294020295, "revenue_growth": 0.23252497559147525, "debt_to_equity": 0.028627599720194186, "operating_margin": -0.07430179041230052, "gross_margin": 0.6997650763981795, "pe_ratio": -143.7118448833034, "ev_to_ebitda": -160.94072411269667}