{"roic": -0.07296475514206249, "roe": 0.004222137977685109, "fcf_yield": -0.0023616340068692353, "revenue_growth": 0.09523431609856751, "debt_to_equity": 0.04267919424870097, "operating_margin": -0.12807362652803148, "gross_margin": 0.5151749332583954, "pe_ratio": 1750.815649119718, "ev_to_ebitda": -177.2681140250855}