{"roic": 1.2667914500614919, "roe": 0.06475503307567229, "fcf_yield": 0.784362003269809, "revenue_growth": 0.0, "debt_to_equity": 0.36065018948947297, "operating_margin": 0.8094930395146396, "gross_margin": 0.9432702540214934, "pe_ratio": 13.27192417257229, "ev_to_ebitda": 13.812527164984266}