{"roic": 0.004334992707988152, "roe": 0.018876176463787826, "fcf_yield": -0.041312204908018575, "revenue_growth": -0.08307080567972872, "debt_to_equity": 0.00020544145049515314, "operating_margin": 0.005970885135401018, "gross_margin": 0.03275364398756519, "pe_ratio": 85.21888068456283, "ev_to_ebitda": 10.273892588188664}