{"roic": -0.009051044643816904, "roe": -0.5106849101089042, "fcf_yield": -0.0690094717153885, "revenue_growth": -0.28335744738314333, "debt_to_equity": 0.1675353966258434, "operating_margin": -0.03627592964472416, "gross_margin": 0.17976451333293852, "pe_ratio": -4.137903236906701, "ev_to_ebitda": -5.7338121826376005}