{"roic": 0.03956605491345225, "roe": 0.06851701631610063, "fcf_yield": 0.16832881867752375, "revenue_growth": 0.16381171772093275, "debt_to_equity": 1.1936875067573791, "operating_margin": 0.5400530869730084, "gross_margin": 0.5872832569202662, "pe_ratio": 11.257750386996904, "ev_to_ebitda": 21.373332022697824}