{"roic": 0.06451143255446837, "roe": -6.188503829077148, "fcf_yield": 0.06470599609382781, "revenue_growth": -0.017232985671321272, "debt_to_equity": 49.002721239552386, "operating_margin": 0.13477958819674715, "gross_margin": 0.4612373805805056, "pe_ratio": 61.78666371340523, "ev_to_ebitda": 24.47868792787286}