{"roic": 0.30213754134369847, "roe": 0.07397371960019776, "fcf_yield": 0.05364594869244602, "revenue_growth": -0.08403362921391361, "debt_to_equity": 0.3546065791361956, "operating_margin": 0.08082478547949386, "gross_margin": 0.18681412590627203, "pe_ratio": 11.592584432293343, "ev_to_ebitda": 10.863890856616159}