{"roic": 0.12179845073822697, "roe": 0.5186212884942972, "fcf_yield": 0.0638365481689952, "revenue_growth": 0.02743527204958008, "debt_to_equity": 10.533831871073767, "operating_margin": 0.26366040264689233, "gross_margin": 0.5907950876285096, "pe_ratio": 19.603953206938282, "ev_to_ebitda": 6.734758156244246}