{"roic": 0.04974470734300661, "roe": -0.07401693487609168, "fcf_yield": 0.08529334924386756, "revenue_growth": 0.12563158074886585, "debt_to_equity": 0.45272378706642663, "operating_margin": 0.0947099055941766, "gross_margin": 0.36166365703271924, "pe_ratio": -22.222632666164692, "ev_to_ebitda": 10.028541217859035}