{"roic": 0.1296806597874803, "roe": 0.2099671268902038, "fcf_yield": 0.040575384634743854, "revenue_growth": 0.08747242716969651, "debt_to_equity": 0.4428403064230996, "operating_margin": 0.18924909947353838, "gross_margin": 0.36956220559711833, "pe_ratio": 21.448181362725453, "ev_to_ebitda": 13.056460445937692}