{"roic": 0.15356938193798086, "roe": 0.17968090894087646, "fcf_yield": 0.07991000271412148, "revenue_growth": 0.019961437343162233, "debt_to_equity": 0.07506968737261903, "operating_margin": 0.1156499140221979, "gross_margin": 0.2407239618900307, "pe_ratio": 18.94314161210356, "ev_to_ebitda": 11.054639507572961}