{"roic": -0.22769863256226378, "roe": -0.021272988257203067, "fcf_yield": 0.07225425002447797, "revenue_growth": 0.0971431758651241, "debt_to_equity": 0.5712311487531924, "operating_margin": 0.07745732553819681, "gross_margin": 0.7786559255421074, "pe_ratio": -58.19269903710662, "ev_to_ebitda": 15.936803168223193}