{"roic": 0.05603112840466926, "roe": 0.49779086892488955, "fcf_yield": 0.060912021208678904, "revenue_growth": 0.00857076673615937, "debt_to_equity": 0.5583126550868487, "operating_margin": 0.06050069541029207, "gross_margin": 0.24501622624014835, "pe_ratio": 19.414934911242607, "ev_to_ebitda": 4.443120998544396}