{"roic": 0.009087080581122745, "roe": -0.02453736836724261, "fcf_yield": 0.37476086341069464, "revenue_growth": -0.23736419461502126, "debt_to_equity": 18.992013451029845, "operating_margin": 0.17570215545395165, "gross_margin": 0.2991508817766166, "pe_ratio": -14.519166666666669, "ev_to_ebitda": 85.38135893609024}