{"roic": -0.08957280303317197, "roe": -2.0331714686522067, "fcf_yield": 0.0, "revenue_growth": 0.33456555029632873, "debt_to_equity": 7.66735728930614, "operating_margin": -0.13129139661905168, "gross_margin": 0.6981435810543336, "pe_ratio": -24.332866810852693, "ev_to_ebitda": -47.620129615145494}