{"roic": -0.08623675360674243, "roe": -0.4472093262347726, "fcf_yield": -0.05042376127352969, "revenue_growth": 0.0, "debt_to_equity": 0.001337877148539997, "operating_margin": 0.0, "gross_margin": 0.0, "pe_ratio": -12.743622324696632, "ev_to_ebitda": -9.28850213240929}