{"roic": 0.007544757216559132, "roe": 0.06628995052058241, "fcf_yield": 0.07700865612662859, "revenue_growth": 0.043299084355101825, "debt_to_equity": 0.22509011863147826, "operating_margin": 0.2138546199425979, "gross_margin": 0.5497957365058791, "pe_ratio": 15.513890364037088, "ev_to_ebitda": 7.929676981848016}