{"roic": 0.002743141961092576, "roe": 0.00490247227039122, "fcf_yield": 0.03970877034549108, "revenue_growth": 0.10010783176764566, "debt_to_equity": 0.2639369646230994, "operating_margin": 0.006266171918739839, "gross_margin": 0.6055489331367344, "pe_ratio": 398.11936149999997, "ev_to_ebitda": 42.022652144126795}