{"roic": -0.009826923002185895, "roe": -0.2900069800474967, "fcf_yield": 0.020139083605248603, "revenue_growth": -0.031984739597196346, "debt_to_equity": 0.0, "operating_margin": -0.037364207692016094, "gross_margin": 0.3985944340230593, "pe_ratio": -3.407921062055054, "ev_to_ebitda": -4.297511270583799}