{"roic": 0.060831947109531236, "roe": 0.05408003807559592, "fcf_yield": 0.04843290646947226, "revenue_growth": 0.017164424477454168, "debt_to_equity": 0.36157063216229507, "operating_margin": 0.07425718271330248, "gross_margin": 0.1244140124935142, "pe_ratio": 48.76309013259797, "ev_to_ebitda": 13.099426569922622}