{"roic": -0.01906449595612695, "roe": -2.952783077388213, "fcf_yield": -2.7714046154701264, "revenue_growth": 0.0, "debt_to_equity": -308.52478181581347, "operating_margin": 0.0, "gross_margin": 0.0, "pe_ratio": -5.858826500204782, "ev_to_ebitda": -40.799977545047945}