{"roic": 0.10839127729943734, "roe": 0.24415007100596112, "fcf_yield": 0.15541473114698415, "revenue_growth": -0.1647171759756743, "debt_to_equity": 5.053882324262602, "operating_margin": 0.12895775738226997, "gross_margin": 0.2376707791604974, "pe_ratio": 11.90161674424451, "ev_to_ebitda": 7.848515103788694}