{"roic": 0.04266876725265146, "roe": -0.9315281152958038, "fcf_yield": 0.041139578169195, "revenue_growth": 0.05683934929265468, "debt_to_equity": 3.860380412788345, "operating_margin": 0.058132440752430195, "gross_margin": 0.5780552023835162, "pe_ratio": -10.489730219045946, "ev_to_ebitda": 8.002978910247995}