{"roic": -0.5306999262341232, "roe": -3.9910243546474504, "fcf_yield": -0.11891732141223191, "revenue_growth": -0.43885316021010495, "debt_to_equity": 1.657627571466738, "operating_margin": -2.3788202491309387, "gross_margin": 0.9964513325608343, "pe_ratio": -10.695462329042638, "ev_to_ebitda": -15.358804591438425}