{"roic": -6.139988907942719e-07, "roe": -3.7528000917800258e-06, "fcf_yield": -0.11699872679873523, "revenue_growth": 0.10691102794757382, "debt_to_equity": 0.08821493385407092, "operating_margin": -0.5277331033815352, "gross_margin": 0.37857897591557993, "pe_ratio": -8.280243083479872, "ev_to_ebitda": 116758.88663890916}