{"roic": 0.02645179905763123, "roe": 0.012949757250956918, "fcf_yield": 0.25262205586479497, "revenue_growth": 0.12251011114681931, "debt_to_equity": 1.4135379050683612, "operating_margin": 0.21264740359008433, "gross_margin": 0.4214378703658688, "pe_ratio": 55.367069662785056, "ev_to_ebitda": 18.743350942351615}