{"roic": -0.001613227986816349, "roe": 0.0005843984777939146, "fcf_yield": 0.15105761695562522, "revenue_growth": 0.08389006576329822, "debt_to_equity": 0.0001586069459723936, "operating_margin": 0.6886821160068453, "gross_margin": 0.896561447000723, "pe_ratio": 7.348959805235717, "ev_to_ebitda": -127.81702444396844}