{"roic": 0.04006135755123399, "roe": 0.09808870477086686, "fcf_yield": 0.059066640942308644, "revenue_growth": 0.2185760682300031, "debt_to_equity": 1.3970578063898274, "operating_margin": 0.08012137850396707, "gross_margin": 0.9732126031327438, "pe_ratio": 19.613190244424956, "ev_to_ebitda": 10.103640130242432}