{"roic": -0.29461956020169305, "roe": 5.080787945904225, "fcf_yield": -0.019386450607221856, "revenue_growth": -0.1933321573469748, "debt_to_equity": -3.346657389690961, "operating_margin": -15.357970697572709, "gross_margin": -2.5622129892849332, "pe_ratio": -13.605824372665163, "ev_to_ebitda": -34.18474350148368}