{"roic": -0.04715086895152158, "roe": -0.14729539440866238, "fcf_yield": -13.613698270362864, "revenue_growth": 0.0, "debt_to_equity": 0.004480088437551449, "operating_margin": 0.0, "gross_margin": 0.0, "pe_ratio": -26.82268363834335, "ev_to_ebitda": -8.242040214496448}