{"roic": 0.08836979738338593, "roe": -0.2908761910675275, "fcf_yield": -0.26711222487356007, "revenue_growth": -0.03175119618109394, "debt_to_equity": 1.429911297716426, "operating_margin": 0.26040614783221544, "gross_margin": 0.30578874076103296, "pe_ratio": -4.192628133879449, "ev_to_ebitda": 5.499126889785185}