{"roic": 0.561809940901079, "roe": -0.11364417047767855, "fcf_yield": 0.023693412077884134, "revenue_growth": 0.33740433700198663, "debt_to_equity": -1.063939481997394, "operating_margin": 0.5600672986702041, "gross_margin": 0.6506293072766687, "pe_ratio": 98.49685710174893, "ev_to_ebitda": 35.220441300976574}