{"roic": 0.09100291942145097, "roe": 0.10340846386906001, "fcf_yield": 0.024286299578481517, "revenue_growth": 0.2738253428909048, "debt_to_equity": 0.02516509905943566, "operating_margin": 0.16432678118996574, "gross_margin": 0.3519886126346855, "pe_ratio": 37.01059105116437, "ev_to_ebitda": 17.371984515754626}