{"roic": 0.12456066853350387, "roe": 0.12661683457913553, "fcf_yield": 0.1486506418300131, "revenue_growth": 0.21669575334496802, "debt_to_equity": 0.03978638184245661, "operating_margin": 0.08319387999043748, "gross_margin": 0.9238584747788668, "pe_ratio": 16.345441478439422, "ev_to_ebitda": 6.371425802254987}