{"roic": -0.36367593049924934, "roe": -1.1728064565422862, "fcf_yield": -0.06169498192060642, "revenue_growth": 3.408558626810104, "debt_to_equity": 1.4022828342721614, "operating_margin": -0.36513298407726186, "gross_margin": 0.23562510126625782, "pe_ratio": -7.101145438225672, "ev_to_ebitda": -11.09545403728444}