{"roic": -0.5762712174187995, "roe": -0.6420892690656946, "fcf_yield": -0.18660184105867947, "revenue_growth": 0.5395332636711947, "debt_to_equity": 0.12197099978581515, "operating_margin": -4.3926078658103345, "gross_margin": -1.3943493222251633, "pe_ratio": -6.266271806691953, "ev_to_ebitda": -4.998482988582919}