{"roic": 4.3607033236604895, "roe": 0.07461827699265579, "fcf_yield": 0.09150406638831919, "revenue_growth": -0.02259536435446916, "debt_to_equity": 3.623239235633241, "operating_margin": 0.3700773910953091, "gross_margin": 0.45962235483026953, "pe_ratio": 44.31495710393994, "ev_to_ebitda": 14.17960679499343}