{"roic": 0.06372797170155246, "roe": 0.09794345937167466, "fcf_yield": 0.12641558781851145, "revenue_growth": -0.052233253785640456, "debt_to_equity": 0.9620880673720369, "operating_margin": 0.04666734568664683, "gross_margin": 0.21357930832114735, "pe_ratio": 14.331361640196508, "ev_to_ebitda": 8.250499329213415}