{"roic": -0.02631578947368421, "roe": -0.32051282051282054, "fcf_yield": -0.28375521713122775, "revenue_growth": 0.03510104847287646, "debt_to_equity": 6.417910447761194, "operating_margin": -0.0023378141437755697, "gross_margin": 0.1287258912916423, "pe_ratio": -43.02324, "ev_to_ebitda": 27.2768545}