{"roic": 0.23267553737554925, "roe": 0.2744801260633703, "fcf_yield": 0.032203097765760684, "revenue_growth": -0.03812625781167249, "debt_to_equity": 0.028433993095761143, "operating_margin": 0.26886082541335765, "gross_margin": 0.5624736362452806, "pe_ratio": 35.1360566825524, "ev_to_ebitda": 28.83281278412751}