{"roic": 0.04931906862798312, "roe": 0.06067515246602728, "fcf_yield": 0.11225381395633402, "revenue_growth": -0.008169219547775346, "debt_to_equity": 0.04481721546506201, "operating_margin": 0.12783683950250396, "gross_margin": 0.7924878748691135, "pe_ratio": 25.41343183050423, "ev_to_ebitda": 11.319703038209775}