{"roic": -0.054736998132712954, "roe": -0.07973050309557254, "fcf_yield": -0.015845351412095515, "revenue_growth": 0.029081615236308533, "debt_to_equity": 0.0808926998546126, "operating_margin": -0.043878384957803954, "gross_margin": 0.3752028656218121, "pe_ratio": -17.72918182958966, "ev_to_ebitda": -35.24021303420185}