{"roic": -0.5766663223154005, "roe": -0.5663058878418108, "fcf_yield": -0.25271363365491767, "revenue_growth": 0.16922093404979527, "debt_to_equity": 0.1390077957205456, "operating_margin": -6.516676271962879, "gross_margin": -0.2555452113904036, "pe_ratio": -3.4821581123059695, "ev_to_ebitda": -3.602061739155421}