{"roic": -0.5924301584434001, "roe": 3.426873742137572, "fcf_yield": 0.0035981708993509695, "revenue_growth": 0.31718214718318755, "debt_to_equity": 3.881915992823766, "operating_margin": -0.9204256153411087, "gross_margin": 0.680777210622894, "pe_ratio": -6.109596022537931, "ev_to_ebitda": -7.169181003441336}