{"roic": 0.026269603027824044, "roe": 0.007829843004354664, "fcf_yield": -0.07544287710700734, "revenue_growth": 0.19794328680951445, "debt_to_equity": 0.8232636076670549, "operating_margin": 0.35018306365891105, "gross_margin": 0.9024497067044605, "pe_ratio": 176.67339524639806, "ev_to_ebitda": 17.79948012766507}