{"roic": -0.40958486721325654, "roe": -0.5748090718521873, "fcf_yield": -0.11164000790505384, "revenue_growth": 6.9895846564206785, "debt_to_equity": 0.03319093537793246, "operating_margin": -3.387237289752313, "gross_margin": 0.8657912308034721, "pe_ratio": -7.555611478446148, "ev_to_ebitda": -7.164647616177507}