{"roic": 0.6428133198398999, "roe": -5.462075467602026, "fcf_yield": -0.1912740148621062, "revenue_growth": 0.646938703709676, "debt_to_equity": -1.9475941856551313, "operating_margin": 0.41316749133717673, "gross_margin": 0.9332074742830084, "pe_ratio": 2.957987108848018, "ev_to_ebitda": 2.677453074887219}