{"roic": 0.01014617513379469, "roe": -0.4878273645782268, "fcf_yield": -0.02459175604693621, "revenue_growth": -0.043042373044144544, "debt_to_equity": 7.0847793869725795, "operating_margin": 0.009694901010216358, "gross_margin": 0.19211998187168597, "pe_ratio": -9.342491632925316, "ev_to_ebitda": 19.458446172458533}