{"roic": 0.012560243655364955, "roe": 0.015198551287026258, "fcf_yield": 0.053690152494084806, "revenue_growth": 0.08320720146578507, "debt_to_equity": 0.5498824968612175, "operating_margin": 0.08472145615002757, "gross_margin": 0.5495127780842066, "pe_ratio": 92.09897872340426, "ev_to_ebitda": 13.520727845241458}