{"roic": 0.13739019404760797, "roe": 0.07300122659678698, "fcf_yield": 0.06954021131513628, "revenue_growth": 0.16299090951285333, "debt_to_equity": 0.12863367093646141, "operating_margin": 0.12811953255579236, "gross_margin": 0.5186568450964569, "pe_ratio": 15.38118920062213, "ev_to_ebitda": 17.74229131871646}