{"roic": 0.0384297000533064, "roe": 0.058014895613519295, "fcf_yield": -0.03318366239089795, "revenue_growth": 0.0638490836238637, "debt_to_equity": 1.1290773368755853, "operating_margin": 0.19196995892745963, "gross_margin": 0.6190470098435198, "pe_ratio": 26.586049662489554, "ev_to_ebitda": 13.402375204632978}