{"roic": 0.051323747958173876, "roe": -0.11104524797470855, "fcf_yield": 0.009827138751854167, "revenue_growth": -0.049854919546293855, "debt_to_equity": 2.309137489325363, "operating_margin": 0.06623069430916934, "gross_margin": 0.33978015861973004, "pe_ratio": -6.82661921708185, "ev_to_ebitda": 19.403318921195652}