{"roic": -0.15512932475121563, "roe": -0.12557621502529004, "fcf_yield": 0.009208677807145104, "revenue_growth": 0.041936944952199164, "debt_to_equity": 0.12892230855378023, "operating_margin": -0.27922808815196043, "gross_margin": 0.8409173827655, "pe_ratio": -11.760009408899712, "ev_to_ebitda": -8.784627547190793}