{"roic": 0.004813711362529691, "roe": 0.04223438772435415, "fcf_yield": 0.07590054269202935, "revenue_growth": -0.04702535656764756, "debt_to_equity": 0.9003083801774084, "operating_margin": 0.13768677649556924, "gross_margin": 0.5466797970718995, "pe_ratio": 15.504935476956055, "ev_to_ebitda": 24.99179752875839}