{"roic": -2.694013873426394, "roe": -26.26381496177296, "fcf_yield": -0.0937900850903486, "revenue_growth": 0.08828606658446363, "debt_to_equity": -2.7243136610225216, "operating_margin": -14.256968048946295, "gross_margin": 1.0, "pe_ratio": -8.286570718981222, "ev_to_ebitda": -10.30782625935533}