{"roic": 0.02737237535162533, "roe": 0.02206443849253329, "fcf_yield": 0.07006480710400646, "revenue_growth": 0.6092872407831008, "debt_to_equity": 1.1210392518523005, "operating_margin": 0.397272184284551, "gross_margin": 0.6221546746613369, "pe_ratio": 35.08272043110657, "ev_to_ebitda": 31.000941642997876}