{"roic": -0.35525242478304575, "roe": -0.7166307937069094, "fcf_yield": -0.10565542823406296, "revenue_growth": -0.18674575898812046, "debt_to_equity": 0.11763231495774175, "operating_margin": -5.197513041134916, "gross_margin": 0.8734576812765875, "pe_ratio": -7.904625101057009, "ev_to_ebitda": -5.5758949951757355}