{"roic": 0.05153794379675051, "roe": 0.3354926696215479, "fcf_yield": 0.1156734219547103, "revenue_growth": -0.02920506012806497, "debt_to_equity": 11.702127659574469, "operating_margin": 0.1922764887230245, "gross_margin": 0.5310725296122019, "pe_ratio": 14.076914634146341, "ev_to_ebitda": 8.844219932830189}