{"roic": 0.0763580931263858, "roe": -0.14494447691408532, "fcf_yield": 0.026120198335367596, "revenue_growth": -0.01607717041800643, "debt_to_equity": 3.8871473354231973, "operating_margin": 0.08610720425066416, "gross_margin": 0.16049382716049382, "pe_ratio": -7.790116505376345, "ev_to_ebitda": 7.858006240979382}