{"roic": 0.1414105707911988, "roe": 0.3452669711605448, "fcf_yield": 0.06494370208899966, "revenue_growth": 0.04621854897167064, "debt_to_equity": 0.7669965979694441, "operating_margin": 0.10309122317778836, "gross_margin": 0.2001029955796838, "pe_ratio": 10.86840411086008, "ev_to_ebitda": 9.673408922124807}