{"roic": -0.004533068695263509, "roe": -0.16457894413410787, "fcf_yield": 0.10935977282999637, "revenue_growth": -0.03407509226264388, "debt_to_equity": 0.1528879553237926, "operating_margin": -0.004593503919352813, "gross_margin": 0.13389926276704514, "pe_ratio": -5.955318717386094, "ev_to_ebitda": 14.257667003891015}