{"roic": 0.11095566178258116, "roe": 0.12334727963379444, "fcf_yield": 0.052233078919484026, "revenue_growth": 0.004519179105860265, "debt_to_equity": 0.012977264991373139, "operating_margin": 0.3570022903382838, "gross_margin": 0.7348059596677015, "pe_ratio": 21.25229608714589, "ev_to_ebitda": 16.165757151931967}