{"roic": -0.3701652194087233, "roe": -0.42898856895760645, "fcf_yield": -0.11755258586524299, "revenue_growth": 0.0, "debt_to_equity": 0.0024929005618951894, "operating_margin": 0.0, "gross_margin": 0.0, "pe_ratio": -8.049605990237056, "ev_to_ebitda": -6.880515617480578}