{"roic": 0.001493298116640648, "roe": -0.021784709792891842, "fcf_yield": 0.0761025015291338, "revenue_growth": 0.03680371859757496, "debt_to_equity": 1.7884635663819466, "operating_margin": 0.00246283624351109, "gross_margin": 0.07395882491741387, "pe_ratio": -76.49481220657277, "ev_to_ebitda": 10.150092045333686}