{"roic": 0.004983295814633726, "roe": -0.010511731112372247, "fcf_yield": 0.04169188964920931, "revenue_growth": 0.0006861144628196938, "debt_to_equity": 0.40060723910892776, "operating_margin": 0.016434178172876866, "gross_margin": 0.6428196519765462, "pe_ratio": -146.22913694660613, "ev_to_ebitda": 16.689166027593622}