{"roic": 0.012320246427168384, "roe": 0.016435262979879614, "fcf_yield": 0.05742209688898204, "revenue_growth": 0.06528009292975065, "debt_to_equity": 0.01803154625343478, "operating_margin": 0.02826888789664481, "gross_margin": 0.43497486157786946, "pe_ratio": 94.93585401380834, "ev_to_ebitda": 14.660630300359596}