{"roic": -0.05212904911180773, "roe": -0.07096671179145406, "fcf_yield": 0.0177541981874785, "revenue_growth": 0.5324499352179034, "debt_to_equity": 0.0, "operating_margin": -0.046012835786480154, "gross_margin": 0.655228469313247, "pe_ratio": -69.91543355767725, "ev_to_ebitda": -104.74142965134219}