{"roic": -0.4532338253368914, "roe": 0.01709299225585403, "fcf_yield": -0.10713182248463883, "revenue_growth": 0.0, "debt_to_equity": -1.9726225140434377, "operating_margin": 0.0, "gross_margin": 0.0, "pe_ratio": -285.5115304656716, "ev_to_ebitda": -11.920706806282722}