{"roic": 0.09320366958434365, "roe": 0.15284163341869794, "fcf_yield": 0.07447091589623382, "revenue_growth": 0.13031025956934114, "debt_to_equity": 0.0, "operating_margin": 0.05926594098215327, "gross_margin": 0.1800109082067144, "pe_ratio": 15.218102053485687, "ev_to_ebitda": 7.284404547067346}