{"roic": -0.13846153846153847, "roe": -1.6817593790426908, "fcf_yield": 0.24867165375725905, "revenue_growth": -0.15175625849019989, "debt_to_equity": 0.19203980099502488, "operating_margin": -0.06588881262868909, "gross_margin": 0.07755662319835278, "pe_ratio": -3.2076374153846157, "ev_to_ebitda": -3.00987402920354}