{"roic": 0.24660710695631943, "roe": 0.7323375611927013, "fcf_yield": 0.47269664527543137, "revenue_growth": 0.1351558949964161, "debt_to_equity": 5.801415771835032, "operating_margin": 0.32367305920777156, "gross_margin": 0.9508583870697597, "pe_ratio": 9.574097595047286, "ev_to_ebitda": 5.307319015439205}