{"roic": -0.10898339933195995, "roe": -0.16781600181124473, "fcf_yield": -0.20974559253194303, "revenue_growth": -0.1490067896716222, "debt_to_equity": 0.32950664530428936, "operating_margin": -0.34904030478969994, "gross_margin": 0.22728273925268705, "pe_ratio": -3.920644653969895, "ev_to_ebitda": -7.872771963198365}