{"roic": 0.06139775514619212, "roe": 0.0936569425778059, "fcf_yield": 0.10052900873889263, "revenue_growth": 0.08163265306122448, "debt_to_equity": 0.9257789631171535, "operating_margin": 0.10162832773326441, "gross_margin": 0.46151460325665544, "pe_ratio": 18.90817670230726, "ev_to_ebitda": 15.327789834437086}