{"roic": -0.003717880224575658, "roe": 1.3062274239240623, "fcf_yield": -0.15963412585179046, "revenue_growth": -0.040644745492643464, "debt_to_equity": -11.432514056960724, "operating_margin": -0.013102663685222235, "gross_margin": 0.693010752500417, "pe_ratio": -0.4, "ev_to_ebitda": 7.973446657023927}