{"roic": 0.11710344244042724, "roe": 0.10244266617385635, "fcf_yield": 0.13329466670116752, "revenue_growth": 2.2994522662941588, "debt_to_equity": 8.064276825539155, "operating_margin": 0.33476498663724696, "gross_margin": 0.710429436994472, "pe_ratio": 10.987493410740205, "ev_to_ebitda": 41.51626555680686}