{"roic": -0.36303263394387114, "roe": -0.38791503310077646, "fcf_yield": -0.11431337837155063, "revenue_growth": 0.0, "debt_to_equity": 0.030054995030726242, "operating_margin": 0.0, "gross_margin": 0.0, "pe_ratio": -6.625153982219544, "ev_to_ebitda": -7.080825549553324}