{"roic": -0.25756654891086433, "roe": -0.25297524785734166, "fcf_yield": -0.037726716647946267, "revenue_growth": 0.0, "debt_to_equity": 0.004093827474413578, "operating_margin": 0.0, "gross_margin": 0.0, "pe_ratio": -32.30114305862491, "ev_to_ebitda": -20.85943201328518}