{"roic": 0.03842779831130548, "roe": 0.053952445338521914, "fcf_yield": -0.0033402111162632877, "revenue_growth": 0.07014869524381148, "debt_to_equity": 0.30192958456332347, "operating_margin": 0.013541203786309235, "gross_margin": 0.12328348336812868, "pe_ratio": 68.0409110245663, "ev_to_ebitda": 16.689514731825483}