{"roic": 0.012891718778257993, "roe": 0.10199090537148349, "fcf_yield": 0.10902358028166713, "revenue_growth": 0.180856000571143, "debt_to_equity": 0.3619344965896001, "operating_margin": 0.27860770137782975, "gross_margin": 0.7641505888542827, "pe_ratio": 12.722542499389997, "ev_to_ebitda": 10.879006587772144}