{"roic": 0.07884015898825479, "roe": 0.15359314931564694, "fcf_yield": 0.025709860642535727, "revenue_growth": -0.01990909008919633, "debt_to_equity": 0.5928578334479202, "operating_margin": 0.26508100099842186, "gross_margin": 0.38918284309440226, "pe_ratio": 13.779233470947071, "ev_to_ebitda": 9.40075173118543}