{"roic": -0.24968801650608918, "roe": -0.2688934538025174, "fcf_yield": -0.03850548894946352, "revenue_growth": 0.5245947381211691, "debt_to_equity": 0.06525609579044693, "operating_margin": -0.4368712511217116, "gross_margin": 0.49258489585793225, "pe_ratio": -26.490020864733257, "ev_to_ebitda": -32.40220734585407}