{"roic": 0.07987221427618293, "roe": 0.0019639055432749087, "fcf_yield": 0.8063536446559274, "revenue_growth": 0.40337756728642155, "debt_to_equity": 0.3812413544894247, "operating_margin": 0.7206354857863073, "gross_margin": 1.0, "pe_ratio": 240.5494767667807, "ev_to_ebitda": 0.0}