{"roic": 0.054452432882885676, "roe": 0.19185185185185186, "fcf_yield": 0.4817489812122734, "revenue_growth": -0.11605056617338685, "debt_to_equity": 8.541263940520446, "operating_margin": 0.03585141530493794, "gross_margin": 0.06819805339762479, "pe_ratio": 18.20988416988417, "ev_to_ebitda": 5.349873029996629}