{"roic": 0.10729533370498855, "roe": 0.30806646394294296, "fcf_yield": 0.021253955404180326, "revenue_growth": 0.27369730533891334, "debt_to_equity": 2.326286778532981, "operating_margin": 0.11577894251617639, "gross_margin": 0.3189291994605023, "pe_ratio": 24.160183081767837, "ev_to_ebitda": 13.021530745811614}