{"roic": 0.044801073034344656, "roe": 0.045987418135749455, "fcf_yield": 0.09506695609013807, "revenue_growth": 0.17800242707181427, "debt_to_equity": 0.8669447724726494, "operating_margin": 0.06003406487007903, "gross_margin": 0.10919383794561734, "pe_ratio": 25.313347726186777, "ev_to_ebitda": 7.191256963568573}