{"roic": -0.05118939355765485, "roe": -0.10012162392838177, "fcf_yield": -0.051823382091812045, "revenue_growth": 0.3016297981039025, "debt_to_equity": 0.48761800884687634, "operating_margin": -0.14049044335710695, "gross_margin": 0.4052666354953495, "pe_ratio": -6.8332719243201, "ev_to_ebitda": -34.16712167129248}