{"roic": 0.12804988844642318, "roe": 0.28591591707694547, "fcf_yield": 0.09995965166943158, "revenue_growth": -0.06392999548433204, "debt_to_equity": 0.9200385037776043, "operating_margin": 0.07217458286724762, "gross_margin": 0.1814991995605956, "pe_ratio": 9.004416260830437, "ev_to_ebitda": 6.329278089469031}