{"roic": 0.0728857435700224, "roe": 0.11638752748019868, "fcf_yield": 0.0655141512721763, "revenue_growth": 0.06326965997906711, "debt_to_equity": 0.19121569881434233, "operating_margin": 0.06975288507488227, "gross_margin": 0.2248988154467268, "pe_ratio": 21.2036593346931, "ev_to_ebitda": 7.4707200490915175}