{"roic": 0.10378497080544108, "roe": 0.1266527494402769, "fcf_yield": 0.04385718368081409, "revenue_growth": 0.37254242926543885, "debt_to_equity": 0.020367994375335704, "operating_margin": 0.06313377188766969, "gross_margin": 0.24767260032745317, "pe_ratio": 53.63254883220835, "ev_to_ebitda": 28.494212036061352}