{"roic": 0.08969360316681255, "roe": 0.09835816633350691, "fcf_yield": 0.11890443765184537, "revenue_growth": 0.0767687140232951, "debt_to_equity": 0.10268345761874545, "operating_margin": 0.11841762820740029, "gross_margin": 0.8244817983959347, "pe_ratio": 24.535324108645753, "ev_to_ebitda": 7.4459723616480495}