{"roic": 0.06701532863043791, "roe": 0.10156901502682374, "fcf_yield": 0.102496602835689, "revenue_growth": 0.01102316864781576, "debt_to_equity": 0.589952942166803, "operating_margin": 0.2920206949720205, "gross_margin": 0.563757708297285, "pe_ratio": 14.14313703411778, "ev_to_ebitda": 10.704364911410053}