{"roic": 0.17452522299001144, "roe": -0.22817553173853236, "fcf_yield": 0.12338922312862953, "revenue_growth": -0.06610536475413477, "debt_to_equity": -2.7680193429383317, "operating_margin": 0.2044864577262633, "gross_margin": 0.5409734284954949, "pe_ratio": 16.91077119774425, "ev_to_ebitda": 11.345039925140362}