{"roic": 0.011128499784131982, "roe": 0.013138487668543442, "fcf_yield": 0.13804166943188279, "revenue_growth": 0.03629990612954123, "debt_to_equity": 0.6288169471152008, "operating_margin": 0.02378263188834941, "gross_margin": 0.7738656404450347, "pe_ratio": 106.30690604171146, "ev_to_ebitda": 11.201280437756498}