{"roic": -0.19522447188263484, "roe": -1.6185199140051862, "fcf_yield": -0.12924124875879842, "revenue_growth": 0.0, "debt_to_equity": 16.914943230108744, "operating_margin": -19.91214841412328, "gross_margin": -16.112986235786956, "pe_ratio": -7.720593870676198, "ev_to_ebitda": -24.10469691598724}