{"roic": 0.008443918788008478, "roe": 0.7722914339147412, "fcf_yield": 0.17719039321728375, "revenue_growth": 0.05357658519055656, "debt_to_equity": 1.6298833169685283, "operating_margin": 0.01185676058682844, "gross_margin": 0.8494719274950969, "pe_ratio": 3.7220964142326314, "ev_to_ebitda": 20.327162790107156}