{"roic": -0.0033303554077884793, "roe": -0.0024570401879635746, "fcf_yield": -0.004958554862834975, "revenue_growth": 0.2204273813835567, "debt_to_equity": 0.2828441971500469, "operating_margin": 0.026695704580319966, "gross_margin": 0.7277695595003287, "pe_ratio": -2751.2409374999997, "ev_to_ebitda": 109.76537112215222}