{"roic": 0.39659398588775846, "roe": -0.057029206162134305, "fcf_yield": 0.045464397934923254, "revenue_growth": -0.009345564977100736, "debt_to_equity": 0.12670827809344498, "operating_margin": 0.13673749385610376, "gross_margin": 0.08534092878030841, "pe_ratio": -12.029603479282134, "ev_to_ebitda": 4.422456587398272}