{"roic": 0.012772328516142448, "roe": -0.020733292387420447, "fcf_yield": 0.15338744776268062, "revenue_growth": 0.01529956808909874, "debt_to_equity": 0.9898002767904291, "operating_margin": 0.04207047078685672, "gross_margin": 0.17845421584160262, "pe_ratio": -30.60546116230005, "ev_to_ebitda": 13.501945498461179}