{"roic": 0.044895566094720854, "roe": 0.09209740393408766, "fcf_yield": 0.06666872345271707, "revenue_growth": 0.16911400448925346, "debt_to_equity": 0.9443620674650726, "operating_margin": 0.05327007075134082, "gross_margin": 0.2826953301444918, "pe_ratio": 29.923619441950787, "ev_to_ebitda": 15.581403453689168}