{"roic": -0.037194462928356986, "roe": -0.44476967036030385, "fcf_yield": -0.02503656021197922, "revenue_growth": 0.05820829722868306, "debt_to_equity": 4.5179655455291226, "operating_margin": -0.07037749731167582, "gross_margin": 0.2969466295489275, "pe_ratio": -2.4065789198788257, "ev_to_ebitda": -74.84988375094912}