{"roic": 0.012887917605296397, "roe": 0.032282264171094685, "fcf_yield": 0.11081264584566751, "revenue_growth": 0.0220291616762899, "debt_to_equity": 1.5685933398626912, "operating_margin": 0.24502308682158808, "gross_margin": 0.3255000997791097, "pe_ratio": 26.116034497649313, "ev_to_ebitda": 68.43172176819165}