{"roic": 0.06898326371225458, "roe": 0.10976923409524818, "fcf_yield": 0.1471324306893922, "revenue_growth": 0.2125488151293005, "debt_to_equity": 1.0097573448173842, "operating_margin": 0.3053326574796385, "gross_margin": 0.6343366610536445, "pe_ratio": 9.528171055459323, "ev_to_ebitda": 12.154530028660904}