{"roic": -0.9174436077741156, "roe": -83.96716917922949, "fcf_yield": -0.07377532571789988, "revenue_growth": 1.4672611464968153, "debt_to_equity": 0.24465592272009948, "operating_margin": -11.411296984717058, "gross_margin": 0.42131350681536556, "pe_ratio": -5.094759429624724, "ev_to_ebitda": -4.882239486332843}