{"roic": 0.09616719790252086, "roe": 0.11372884164007017, "fcf_yield": 0.12386588676020922, "revenue_growth": 0.10404199376125, "debt_to_equity": 0.05372797668415871, "operating_margin": 0.0661748900603029, "gross_margin": 0.23627936284251638, "pe_ratio": 27.090271630211898, "ev_to_ebitda": 14.680394406864394}