{"roic": -0.5344516614475563, "roe": 0.39239360096589193, "fcf_yield": -0.10210539160148939, "revenue_growth": 2.169297039021212, "debt_to_equity": -0.0077992610289207755, "operating_margin": -0.4714678952814165, "gross_margin": 0.8493254983113054, "pe_ratio": -6.264640319008264, "ev_to_ebitda": -8.077134150405065}