{"roic": 0.07682163042924792, "roe": 0.08883288706882973, "fcf_yield": 0.09727487574756762, "revenue_growth": 0.023508668821627974, "debt_to_equity": 0.670755326016785, "operating_margin": 0.09004207573632539, "gross_margin": 0.21598877980364656, "pe_ratio": 20.31560269503546, "ev_to_ebitda": 8.067614837155963}