{"roic": -0.0013750957171142506, "roe": 0.007452478732884709, "fcf_yield": 0.10862372121607326, "revenue_growth": 0.144773982701822, "debt_to_equity": 0.30381635019439096, "operating_margin": 0.005432894082494262, "gross_margin": 0.6126727300344784, "pe_ratio": 250.50548050737206, "ev_to_ebitda": 20.912164494671828}