{"roic": -0.013436681546830101, "roe": -0.1390167494147318, "fcf_yield": 0.013631949615400726, "revenue_growth": -0.01369073471606476, "debt_to_equity": 1.2999568428589645, "operating_margin": -0.017548913163900646, "gross_margin": 0.5232572954288627, "pe_ratio": -161.23532270311313, "ev_to_ebitda": -441.427428638278}