{"roic": -0.00939992764192747, "roe": -0.4559717892369806, "fcf_yield": 0.04270790363990044, "revenue_growth": -0.0032611422359729073, "debt_to_equity": 2.9392324093816633, "operating_margin": -0.004769825014776835, "gross_margin": 0.19642881689095382, "pe_ratio": -8.54630800268998, "ev_to_ebitda": -27.578981455604076}