{"roic": 0.19779017074956268, "roe": 0.7639689949774975, "fcf_yield": 0.1641266544142445, "revenue_growth": 0.1476676911042696, "debt_to_equity": 0.0, "operating_margin": 0.21281062155295283, "gross_margin": 0.47948093998707497, "pe_ratio": 21.766126824222937, "ev_to_ebitda": 8.32942398137369}