{"roic": 0.03836385509958562, "roe": -0.06592564200843234, "fcf_yield": 0.19612418767429962, "revenue_growth": -0.022316275490573297, "debt_to_equity": 0.06703367875647669, "operating_margin": 0.11330438215554678, "gross_margin": -0.02881958152388472, "pe_ratio": -10.505348837209302, "ev_to_ebitda": 5.897138762626263}