{"roic": 0.10907813439353813, "roe": 0.11839486495570807, "fcf_yield": 0.022287176720174065, "revenue_growth": -0.020361129758946925, "debt_to_equity": 1.733545761480613e-05, "operating_margin": 0.24453447024084285, "gross_margin": 0.3514141369624064, "pe_ratio": 21.238796421794525, "ev_to_ebitda": 8.161753190453325}