{"roic": -0.3782728506217682, "roe": -1.100019484358914, "fcf_yield": -0.1839677702088961, "revenue_growth": 0.12898090691365013, "debt_to_equity": 1.0195313418582943, "operating_margin": -1.142775443395655, "gross_margin": -0.3409403044572691, "pe_ratio": -2.2011605276190034, "ev_to_ebitda": -4.949321136313827}