{"roic": 3.378622642203184, "roe": 0.06788159208430308, "fcf_yield": -6.723023878698395, "revenue_growth": 2.458122524043654, "debt_to_equity": 10.117108233796827, "operating_margin": 0.7352189532808987, "gross_margin": 0.8920595930581449, "pe_ratio": 8.390575028153155, "ev_to_ebitda": 15.300422190417816}