{"roic": 0.03683001684130137, "roe": 0.03173798243370981, "fcf_yield": 0.021331390295263885, "revenue_growth": 0.058550312311294525, "debt_to_equity": 0.0, "operating_margin": 0.05828357805115625, "gross_margin": 0.5448631804899167, "pe_ratio": 183.62025437921514, "ev_to_ebitda": 93.29426022063595}