{"roic": -0.16498191035893045, "roe": -0.20022432775323165, "fcf_yield": -0.03828789151180942, "revenue_growth": 0.0, "debt_to_equity": 0.00028329236817326345, "operating_margin": 0.0, "gross_margin": 0.0, "pe_ratio": -25.509047734680053, "ev_to_ebitda": -24.83360112973141}