{"roic": -0.018046869046332053, "roe": 0.039450968723751784, "fcf_yield": -0.02265909190283303, "revenue_growth": -0.026744347860000125, "debt_to_equity": 0.3309248747715201, "operating_margin": 0.06644147362540206, "gross_margin": 0.29550409837199076, "pe_ratio": 24.902173076167657, "ev_to_ebitda": 15.78496268152651}