{"roic": 1.8097788215861874, "roe": -0.2734016414832349, "fcf_yield": -0.10418611417634982, "revenue_growth": 0.10358819211176118, "debt_to_equity": 0.032821316710397806, "operating_margin": 0.3392415984003096, "gross_margin": 0.9915830806940592, "pe_ratio": -2.8538050809131486, "ev_to_ebitda": 41.8719336423004}