{"roic": 0.051134915969523194, "roe": 0.32356616618483636, "fcf_yield": 0.06417866517649935, "revenue_growth": 0.10178418081160585, "debt_to_equity": -15.710433070866141, "operating_margin": 0.10283883314968394, "gross_margin": 0.7236932585479822, "pe_ratio": -126.07939013142726, "ev_to_ebitda": 14.000040584499406}