{"roic": -0.25749009271986134, "roe": -0.27702453823949436, "fcf_yield": -0.05747821752415181, "revenue_growth": 0.3721903981327228, "debt_to_equity": 0.14860196682457638, "operating_margin": -0.33857103818348944, "gross_margin": 0.6297853576130972, "pe_ratio": -13.582890252947145, "ev_to_ebitda": -11.796497470159604}