{"roic": 0.12614789846323482, "roe": 0.16296349514375122, "fcf_yield": 0.10271964200116841, "revenue_growth": 0.2419520801804883, "debt_to_equity": 0.10807250424717095, "operating_margin": 0.23165929161702692, "gross_margin": 0.7173287664756718, "pe_ratio": 13.376146178570982, "ev_to_ebitda": 8.008886587786376}