{"roic": 0.09747921220172448, "roe": 0.20480317676932128, "fcf_yield": 0.19690231960157492, "revenue_growth": -0.022030886187759186, "debt_to_equity": 1.2089054761704903, "operating_margin": 0.10236902127943596, "gross_margin": 0.827217066456472, "pe_ratio": 9.747972104453027, "ev_to_ebitda": 1.281189878979222}