{"roic": 0.09031930606683525, "roe": 0.17824125163103852, "fcf_yield": 0.21158605224585983, "revenue_growth": 0.29787539039220395, "debt_to_equity": 1.7434637476317927, "operating_margin": 0.1723414488439321, "gross_margin": 0.7865251135310825, "pe_ratio": 14.35749705882353, "ev_to_ebitda": 11.296672501973706}