{"roic": 0.12058337610265313, "roe": -0.41628334951909435, "fcf_yield": 0.153418303381186, "revenue_growth": -0.03636582833951873, "debt_to_equity": -5.401178506032501, "operating_margin": 0.21980332728041532, "gross_margin": 0.9232730988794984, "pe_ratio": 11.15107120158239, "ev_to_ebitda": 7.41688532956119}