{"roic": -0.6647586959434884, "roe": -1.786051550259394, "fcf_yield": -0.27139779510678297, "revenue_growth": 0.5527991954408313, "debt_to_equity": 0.9632574378661019, "operating_margin": -44.98056994818653, "gross_margin": -0.5805267702936097, "pe_ratio": -2.5219326499189627, "ev_to_ebitda": -3.4178831414297246}