{"roic": -0.5413047186647071, "roe": 0.0686381760429026, "fcf_yield": -0.242165350565078, "revenue_growth": 10.75, "debt_to_equity": -0.00293216850920246, "operating_margin": -184.77827547592386, "gross_margin": -2.1881298992161256, "pe_ratio": -3.776651730496043, "ev_to_ebitda": -3.057617169420512}