{"roic": 0.02884161719293973, "roe": 0.03287490066814122, "fcf_yield": 0.05195880541743793, "revenue_growth": 0.22256059986523766, "debt_to_equity": 0.012928350811226546, "operating_margin": 0.016126965643227333, "gross_margin": 0.09613574632497379, "pe_ratio": 133.56698808848554, "ev_to_ebitda": 54.3132418016837}