{"roic": -0.03639209323000693, "roe": -0.07678377553897335, "fcf_yield": 0.31860187953938834, "revenue_growth": -1.5923241020286332, "debt_to_equity": 0.6244842847751841, "operating_margin": 3.641801723333437, "gross_margin": 2.8548853703300465, "pe_ratio": -5.667585843747064, "ev_to_ebitda": -13.582216629795086}