{"roic": 0.3051094443934603, "roe": 0.8126589633495349, "fcf_yield": 0.008698157905841717, "revenue_growth": 0.5177627860755052, "debt_to_equity": 0.8571796494017658, "operating_margin": 0.15187325669119123, "gross_margin": 0.2542631903156816, "pe_ratio": 14.23891320940107, "ev_to_ebitda": 14.775988925736794}