{"roic": -0.2989705772508437, "roe": -0.3912977536610438, "fcf_yield": -0.15478605565875503, "revenue_growth": -1.0, "debt_to_equity": 0.12200547504642303, "operating_margin": -1.2643148403399953, "gross_margin": 0.2265248104755341, "pe_ratio": -6.563128835978836, "ev_to_ebitda": -5.923222738210833}