{"roic": -0.014471560197014347, "roe": -0.03674964380265928, "fcf_yield": 0.0600028715518825, "revenue_growth": -0.1025095060145101, "debt_to_equity": 0.015008988524823711, "operating_margin": -0.01628333531328309, "gross_margin": 0.0880849625746609, "pe_ratio": -38.16016274409518, "ev_to_ebitda": 4.957900315839067}