{"roic": 0.03007064790773504, "roe": 0.1289587028122625, "fcf_yield": 0.1573048366097297, "revenue_growth": -0.07765228661359008, "debt_to_equity": -7.124885215794307, "operating_margin": 0.02042490361742269, "gross_margin": 0.5172668361906324, "pe_ratio": -43.93404610609038, "ev_to_ebitda": 19.821201551992896}