{"roic": -0.8412554297653554, "roe": -0.3029178028947279, "fcf_yield": 0.03690915139694916, "revenue_growth": 0.3925895284442764, "debt_to_equity": 0.0530727458928218, "operating_margin": 0.01015705738781401, "gross_margin": 0.4325448813923876, "pe_ratio": -16.470685987067068, "ev_to_ebitda": 169.47155859022897}