{"roic": -0.010648992482540812, "roe": -0.014323530039225093, "fcf_yield": -0.005480657594176772, "revenue_growth": -0.12125576236285611, "debt_to_equity": 0.1892648024169771, "operating_margin": -0.011154438182115456, "gross_margin": 0.08266923748779044, "pe_ratio": -156.43486353755736, "ev_to_ebitda": 13.011563253315217}