{"roic": -0.006876557047863586, "roe": -0.5183012233686298, "fcf_yield": -0.010697610704765175, "revenue_growth": null, "debt_to_equity": 0.0, "operating_margin": -8.355842, "gross_margin": 1.0, "pe_ratio": -2.5453866579173567, "ev_to_ebitda": -118.56382037860458}