{"roic": 0.011358917183741907, "roe": 0.005282912492626369, "fcf_yield": 0.12824640304223944, "revenue_growth": 0.03435842318760184, "debt_to_equity": 0.8970431734240344, "operating_margin": 0.07335031619405152, "gross_margin": 0.5752497150901655, "pe_ratio": 171.32695652173913, "ev_to_ebitda": 11.87443781568926}