{"roic": 0.046287270739178286, "roe": -0.08694284587746928, "fcf_yield": 0.04955177636236497, "revenue_growth": -0.1447953906375457, "debt_to_equity": -1.1767705821897885, "operating_margin": 0.03407176568230015, "gross_margin": 1.0158316484711238, "pe_ratio": 73.93209748280255, "ev_to_ebitda": 42.33638688063529}