{"roic": 0.08071378151618419, "roe": -0.06986554812223897, "fcf_yield": 0.052503621959855834, "revenue_growth": -0.0027090585693704, "debt_to_equity": -2.457045531197302, "operating_margin": 0.039938007837149334, "gross_margin": 0.23559456336716966, "pe_ratio": 38.197586060070094, "ev_to_ebitda": 9.164275008037194}