{"roic": -0.18452273411623005, "roe": -0.46448065005950673, "fcf_yield": 0.03172375181887492, "revenue_growth": -0.018937080024434942, "debt_to_equity": 1.4603488674824265, "operating_margin": -0.33667863160208045, "gross_margin": 0.4667057358435279, "pe_ratio": -0.7571938505036225, "ev_to_ebitda": -7.139203333333333}