{"roic": 0.28081335677944647, "roe": 0.3783364603831248, "fcf_yield": 0.09638146270394206, "revenue_growth": 0.10131161625554873, "debt_to_equity": 0.1732735991788336, "operating_margin": 0.3317048384083691, "gross_margin": 0.828480478236503, "pe_ratio": 15.990932129891087, "ev_to_ebitda": 12.14970196190992}