{"roic": 0.046965045510852586, "roe": 0.24448542018972075, "fcf_yield": 0.12453840582681236, "revenue_growth": 0.7826993353044919, "debt_to_equity": 0.02165806276321152, "operating_margin": 0.013408176961886552, "gross_margin": 0.09983230733886038, "pe_ratio": 11.906023339317771, "ev_to_ebitda": 17.120433089116823}