{"roic": -0.3838070109310215, "roe": -0.3730107853565567, "fcf_yield": -0.06306761014266715, "revenue_growth": 0.0, "debt_to_equity": 0.06234668810254617, "operating_margin": 0.0, "gross_margin": 0.0, "pe_ratio": -10.526057670860364, "ev_to_ebitda": -12.055430141395059}