{"roic": 0.06298283075170537, "roe": 0.11914990363634238, "fcf_yield": 0.0610563987979649, "revenue_growth": 0.14120614992303981, "debt_to_equity": 0.5622290232083652, "operating_margin": 0.08188977336351907, "gross_margin": 0.5557669368777234, "pe_ratio": 43.21833626546133, "ev_to_ebitda": 25.57092471987121}