{"roic": -0.03176734587765246, "roe": -0.024150609584975252, "fcf_yield": -0.02941857274104831, "revenue_growth": 0.8284182305630027, "debt_to_equity": 0.001131226673924537, "operating_margin": -74.89296187683284, "gross_margin": -1.3313782991202345, "pe_ratio": -80.11797445646353, "ev_to_ebitda": -37.34095306341813}