{"roic": 0.052581127535441294, "roe": 0.07234031810680067, "fcf_yield": 0.08802383419676131, "revenue_growth": 0.13024720272988702, "debt_to_equity": 0.05518825277728704, "operating_margin": 0.07122548304867442, "gross_margin": 0.7039890795553388, "pe_ratio": 28.250099179910723, "ev_to_ebitda": 17.293437313253143}