{"roic": -0.4358966639544345, "roe": -10.244184280830938, "fcf_yield": -0.19381460051079905, "revenue_growth": 0.20129232636595684, "debt_to_equity": -15.95, "operating_margin": -0.7963435064462088, "gross_margin": 0.8384843047860852, "pe_ratio": -4.300197760338104, "ev_to_ebitda": -6.83083194694268}