{"roic": -0.24790084462792075, "roe": -0.4623272087773494, "fcf_yield": -0.08627660883372534, "revenue_growth": 4.598137078967971, "debt_to_equity": 0.074990237235185, "operating_margin": -1.6350709143424353, "gross_margin": 0.03130757555844294, "pe_ratio": -18.610778150503428, "ev_to_ebitda": -14.93416785420743}