{"roic": -0.4251101321585903, "roe": -0.6576618537494178, "fcf_yield": -0.1872170318760689, "revenue_growth": -0.04263565891472868, "debt_to_equity": 0.15689381933438987, "operating_margin": -1.562753036437247, "gross_margin": 0.979757085020243, "pe_ratio": -7.813121813031161, "ev_to_ebitda": -7.816618650793651}