{"roic": 0.010161667961961657, "roe": -0.018750991170134935, "fcf_yield": -0.0400985696950893, "revenue_growth": 0.11507358728159925, "debt_to_equity": 1.705542761196084, "operating_margin": 0.03038510741541312, "gross_margin": 0.11201984109478927, "pe_ratio": -229.17350542569162, "ev_to_ebitda": 21.820813529488202}