{"roic": -0.15843225854996443, "roe": -0.29099073410450654, "fcf_yield": -0.12431877766213223, "revenue_growth": 0.10286056277355221, "debt_to_equity": 0.21820802704864833, "operating_margin": -0.684824125397682, "gross_margin": 0.051538399611188467, "pe_ratio": -7.015625573378298, "ev_to_ebitda": -10.516092967893501}