{"roic": -0.1412552083948111, "roe": 0.11336221246024261, "fcf_yield": 0.0002457363891939291, "revenue_growth": 0.15381092585314513, "debt_to_equity": -1.1148758898531472, "operating_margin": -0.03454452294524749, "gross_margin": 0.7341584337045082, "pe_ratio": -82.67334770628483, "ev_to_ebitda": 160.2315261300043}