{"roic": 0.10014217183822227, "roe": 0.28094286339362873, "fcf_yield": 0.10478205559453585, "revenue_growth": -0.0443730938293095, "debt_to_equity": 0.39078932016485823, "operating_margin": 0.3452701668452472, "gross_margin": 0.5343461401091892, "pe_ratio": 4.784958965431485, "ev_to_ebitda": 4.216884899190217}