{"roic": 0.02520041206921744, "roe": 0.029335884677418433, "fcf_yield": 0.03133653550915769, "revenue_growth": 0.14951742015365382, "debt_to_equity": 0.08656341915862045, "operating_margin": 0.03495216302320348, "gross_margin": 0.14293364056546123, "pe_ratio": 50.41527867830424, "ev_to_ebitda": 7.193227665785727}