{"roic": 0.0859937077774797, "roe": 0.13834310008043205, "fcf_yield": 0.07219589299310349, "revenue_growth": 0.0070365358592692825, "debt_to_equity": 0.7833999112294718, "operating_margin": 0.13222252082773447, "gross_margin": 0.24563289438323033, "pe_ratio": 14.511398671096348, "ev_to_ebitda": 9.763811532573289}