{"roic": 0.06910273130920135, "roe": -5.690111944552108, "fcf_yield": 0.10197555322666982, "revenue_growth": 0.08135903668093687, "debt_to_equity": 65.50029702970296, "operating_margin": 0.11351909094715101, "gross_margin": 0.44068647631540997, "pe_ratio": 19.568051229374856, "ev_to_ebitda": 12.714605599481528}