{"roic": 0.03149949227367351, "roe": 0.10141235290683939, "fcf_yield": 0.07876388287734608, "revenue_growth": -0.07200530311670256, "debt_to_equity": 0.20465534087429574, "operating_margin": 0.013984063161633543, "gross_margin": 0.3723032947872053, "pe_ratio": 20.79723742563548, "ev_to_ebitda": 19.722109107674132}