{"roic": -0.5049689917567112, "roe": -0.43174411323329853, "fcf_yield": -0.09800192333319073, "revenue_growth": 0.5344259018686919, "debt_to_equity": 0.05723909286495256, "operating_margin": -19.714639228965876, "gross_margin": 0.9122818442302683, "pe_ratio": -7.894201793843294, "ev_to_ebitda": -8.100216608484807}