{"roic": 0.1716543773977556, "roe": 0.21995530543029415, "fcf_yield": 0.11623709353663304, "revenue_growth": 0.06329926162911549, "debt_to_equity": 0.19330267926229827, "operating_margin": 0.2670203560102873, "gross_margin": 0.3750990834028124, "pe_ratio": 12.019074297229423, "ev_to_ebitda": 9.82909435870996}