{"roic": 0.02706100557129558, "roe": 0.012921658395072375, "fcf_yield": 0.18169813095580675, "revenue_growth": -0.014297815165323052, "debt_to_equity": 1.0672409549367006, "operating_margin": 0.09379935697035248, "gross_margin": -0.00865719407938601, "pe_ratio": 43.40981925707672, "ev_to_ebitda": 9.810744032052156}