{"roic": -0.6748682561134407, "roe": -1.708304545375116, "fcf_yield": 0.0, "revenue_growth": 0.0, "debt_to_equity": 0.0, "operating_margin": 0.0, "gross_margin": 0.0, "pe_ratio": -9.087219447995642, "ev_to_ebitda": -9.42081976033922}