{"roic": 0.10980072695121933, "roe": -0.08899764076568203, "fcf_yield": 0.15771702647471506, "revenue_growth": 0.04780338235998659, "debt_to_equity": -2.51987948017323, "operating_margin": 0.0501880211932368, "gross_margin": 0.7121411037627299, "pe_ratio": 89.45768661704041, "ev_to_ebitda": 13.905916250558613}