{"roic": 0.008410362473187086, "roe": 0.05938401799113142, "fcf_yield": 0.05903866978746319, "revenue_growth": 0.3912278234197019, "debt_to_equity": 0.20848774140025725, "operating_margin": 0.19311346530831972, "gross_margin": 0.5954042368778334, "pe_ratio": 16.364799630233968, "ev_to_ebitda": 11.390799874420303}