{"roic": 0.09105139673896451, "roe": 0.09872365401789668, "fcf_yield": 0.10395651775741871, "revenue_growth": -0.1323867404665776, "debt_to_equity": 0.10929947243154974, "operating_margin": 0.10810294310617076, "gross_margin": 0.26877211028435904, "pe_ratio": 12.004387223748413, "ev_to_ebitda": 7.401560753493817}