{"roic": 0.054778261058903654, "roe": 0.05701492471857634, "fcf_yield": 0.02836869567364055, "revenue_growth": 0.0, "debt_to_equity": 1.1466346769580178, "operating_margin": 0.2204300713646728, "gross_margin": 0.5169533136480733, "pe_ratio": 45.62718014460797, "ev_to_ebitda": 10.596878911808417}