{"roic": 0.13515111214125208, "roe": 0.8479210211153764, "fcf_yield": 0.1952652327355914, "revenue_growth": 0.03737575495961601, "debt_to_equity": 0.27926846829549273, "operating_margin": 0.29033504689152234, "gross_margin": 0.5711957939395559, "pe_ratio": 16.497895449126236, "ev_to_ebitda": 3.7826099161819835}