{"roic": -0.2633612438252539, "roe": -0.26591962808800673, "fcf_yield": -0.02383232818923738, "revenue_growth": 0.05376717267339553, "debt_to_equity": 0.0069660774645546415, "operating_margin": -0.7665255382702366, "gross_margin": 0.14156708968745702, "pe_ratio": -22.787278176283763, "ev_to_ebitda": -47.05463606889873}