{"roic": -0.00476013725814067, "roe": 0.1545874406817678, "fcf_yield": -0.35774639513329115, "revenue_growth": 0.45113089685084157, "debt_to_equity": 4.752170162720703, "operating_margin": -0.04336460266953264, "gross_margin": 0.28596511934235985, "pe_ratio": 6.7421617896244985, "ev_to_ebitda": 27.977885431365625}