{"roic": 0.10123631817242207, "roe": 0.1281921313559586, "fcf_yield": 0.02570996740068777, "revenue_growth": 0.08475977311487365, "debt_to_equity": 0.06332250480454993, "operating_margin": 0.06058912507485628, "gross_margin": 0.5350360044448723, "pe_ratio": 28.861252977685595, "ev_to_ebitda": 16.959167147450554}