{"roic": 0.008669749403341288, "roe": -0.09185457352822192, "fcf_yield": -14.094135842222519, "revenue_growth": 3.5650090516583712, "debt_to_equity": 26.42110762800418, "operating_margin": 0.2757832054186783, "gross_margin": 0.3202417527668711, "pe_ratio": -7.798657947269098, "ev_to_ebitda": 107.5877569360751}