{"roic": -0.013802622498274672, "roe": -0.06353240152477764, "fcf_yield": -0.0024793189584785802, "revenue_growth": 0.261978021978022, "debt_to_equity": 0.5587280986372486, "operating_margin": -0.006443747823058168, "gross_margin": 0.17154301637060257, "pe_ratio": -33.051268500000006, "ev_to_ebitda": 169.612189375}