{"roic": -0.4806455846502431, "roe": -0.6398174504689517, "fcf_yield": -0.24952644843610156, "revenue_growth": 0.26924318904128214, "debt_to_equity": 0.06894280042268529, "operating_margin": -8.692627513043012, "gross_margin": -0.3205160874988265, "pe_ratio": -2.769367143437646, "ev_to_ebitda": -1.518463023357521}