{"roic": 0.011990040273213052, "roe": -0.9969308770855438, "fcf_yield": -0.14662894501052612, "revenue_growth": -0.10078341025131447, "debt_to_equity": 2.460860005812558, "operating_margin": 0.006139091346268626, "gross_margin": 0.08096438303837274, "pe_ratio": -1.4852906448333334, "ev_to_ebitda": 9.310727965034964}