{"roic": 0.0833793894719262, "roe": 0.20854915610293587, "fcf_yield": 0.1395828880444149, "revenue_growth": 0.2128289826728836, "debt_to_equity": 5.8828265236512935, "operating_margin": 0.16566339975204272, "gross_margin": 0.6944701347099302, "pe_ratio": 30.353496889803857, "ev_to_ebitda": 10.40328482468644}