{"roic": 0.024829146620736278, "roe": 0.2179585582336191, "fcf_yield": 0.06376159749077538, "revenue_growth": -0.6163886375027019, "debt_to_equity": 0.48545051364438613, "operating_margin": 0.17196191466920954, "gross_margin": 0.32468508186942585, "pe_ratio": 6.867738587097441, "ev_to_ebitda": 16.028048898163835}