{"roic": -0.013651711232796461, "roe": -0.07148741998859243, "fcf_yield": 0.03061202713812946, "revenue_growth": -0.0059582055798377805, "debt_to_equity": 1.528216704288939, "operating_margin": -0.007481460416074202, "gross_margin": 0.1700391573513005, "pe_ratio": -15.848794326241135, "ev_to_ebitda": 50.17087727472527}