{"roic": 0.08884850614061082, "roe": -0.38779001367457533, "fcf_yield": -0.2919145709771588, "revenue_growth": -0.08535284768605395, "debt_to_equity": -4.2387062674785, "operating_margin": 0.12575198367653334, "gross_margin": 0.4363164098494662, "pe_ratio": 1.3927261082391693, "ev_to_ebitda": 11.334528538745063}