{"roic": 0.026598378309709934, "roe": 0.04748446815487388, "fcf_yield": 0.0284018339208636, "revenue_growth": 0.05432817862367885, "debt_to_equity": 1.9619966149297248, "operating_margin": 0.5120713763584914, "gross_margin": 0.975368228555128, "pe_ratio": 9.363419440885878, "ev_to_ebitda": 17.31247690045134}