{"roic": 0.06493909081892095, "roe": 0.10500687030952605, "fcf_yield": 0.10154701364051454, "revenue_growth": 0.06533186167333366, "debt_to_equity": 4.513094874146541, "operating_margin": 0.03476446270110856, "gross_margin": 0.14831345287937436, "pe_ratio": 23.581707988980718, "ev_to_ebitda": 13.552033392992145}