{"roic": 0.10839945556047519, "roe": 0.23732184289028838, "fcf_yield": 0.14624148354345917, "revenue_growth": -0.02901457414092793, "debt_to_equity": 1.804, "operating_margin": 0.07119250895070228, "gross_margin": 0.12007711374277058, "pe_ratio": 12.05572625698324, "ev_to_ebitda": 10.133856156060606}