{"roic": -0.7089141381243946, "roe": -1.4199268129922205, "fcf_yield": -0.16589142910975285, "revenue_growth": 0.0, "debt_to_equity": 0.49017925959076103, "operating_margin": 0.0, "gross_margin": 0.0, "pe_ratio": -3.391443444214182, "ev_to_ebitda": -4.591179780265664}