{"roic": -0.23865909580525035, "roe": 0.1296513400874191, "fcf_yield": -0.0436574428873917, "revenue_growth": 0.3758352758352758, "debt_to_equity": 1.0472028549714172, "operating_margin": -1.7517930761845597, "gross_margin": 0.2875134127746089, "pe_ratio": -163.8268931381978, "ev_to_ebitda": -32.3787416555694}