{"roic": 0.0068719787098193265, "roe": 0.05398681194647091, "fcf_yield": 0.05850012025444398, "revenue_growth": 0.07485287155417825, "debt_to_equity": 0.4133907262049644, "operating_margin": 0.20439753776446629, "gross_margin": 0.6335929292342816, "pe_ratio": 20.866294586020135, "ev_to_ebitda": 21.041804839450712}