{"roic": -0.004523329517733856, "roe": -0.4945029890501624, "fcf_yield": -0.012925448241933733, "revenue_growth": 6.660384086825149, "debt_to_equity": 0.0, "operating_margin": -0.390019996435573, "gross_margin": 0.9322045981108537, "pe_ratio": -1.9520133496372791, "ev_to_ebitda": -130.71666595373702}