{"roic": -0.03077956143111951, "roe": 0.16131064902331443, "fcf_yield": 0.10847107890141759, "revenue_growth": -0.1068207440811725, "debt_to_equity": 10.200902934537247, "operating_margin": 0.0603125, "gross_margin": 0.425, "pe_ratio": 16.726110156249998, "ev_to_ebitda": 6.791340680115274}