{"roic": 0.09165193131611271, "roe": 0.23427648200923423, "fcf_yield": 0.15722442888827506, "revenue_growth": -0.00419878123157972, "debt_to_equity": 1.8714090569657527, "operating_margin": 0.08185861478794053, "gross_margin": 0.5172172198637277, "pe_ratio": 7.605447894380951, "ev_to_ebitda": 6.8402466080041195}