{"roic": 0.013358863156596311, "roe": 0.06913661925239828, "fcf_yield": 0.021799379579793186, "revenue_growth": 0.022519972321821728, "debt_to_equity": 0.32641357953893796, "operating_margin": 0.018834025153336223, "gross_margin": 0.5232017842760671, "pe_ratio": 16.345933014354067, "ev_to_ebitda": 11.251558152686144}