{"roic": 0.09418192613992475, "roe": 0.1441244097721207, "fcf_yield": 0.06794848168211325, "revenue_growth": 0.2479607311038391, "debt_to_equity": 0.0, "operating_margin": 0.3469432132875407, "gross_margin": 0.4313717965936926, "pe_ratio": 8.035238095238096, "ev_to_ebitda": 4.673653641408993}