{"roic": -0.3015633243952327, "roe": -0.29466799735479365, "fcf_yield": 0.01345553951653997, "revenue_growth": 0.2328718939572803, "debt_to_equity": 0.3000332369188003, "operating_margin": -0.6522712794437778, "gross_margin": 0.5573711547706053, "pe_ratio": -8.811915578560015, "ev_to_ebitda": -9.384121171118627}