{"roic": 0.048007893197975035, "roe": 0.07834241430959255, "fcf_yield": 0.05750367902007272, "revenue_growth": 0.05122799711978069, "debt_to_equity": 0.6468197134316731, "operating_margin": 0.05829291591183985, "gross_margin": 0.10649931698814048, "pe_ratio": 15.20551953449709, "ev_to_ebitda": 6.215300485143708}