{"roic": -0.07467274209229016, "roe": -0.06734436141509484, "fcf_yield": 0.029399138084189067, "revenue_growth": 0.17735228162360842, "debt_to_equity": 0.04346213827759487, "operating_margin": -0.05141960671168775, "gross_margin": 0.805456627385922, "pe_ratio": -94.79854407342933, "ev_to_ebitda": -4975.891184713376}