{"roic": -0.3055219926194928, "roe": -0.3854134216093736, "fcf_yield": -0.20358022517851354, "revenue_growth": 0.4626344081572075, "debt_to_equity": 0.014979586250940858, "operating_margin": -42.538287438702376, "gross_margin": -5.802338740098076, "pe_ratio": -6.8468091711802375, "ev_to_ebitda": -4.8279322260452}