{"roic": 0.4653976993175506, "roe": 0.9161776268363725, "fcf_yield": 0.07212920643611098, "revenue_growth": 0.6607623804397253, "debt_to_equity": 0.8282855645393997, "operating_margin": 0.39262101941240873, "gross_margin": 0.8535108232895605, "pe_ratio": 21.767810410876585, "ev_to_ebitda": 17.009241719916943}