{"roic": 0.016308696241493517, "roe": 0.16318127217518405, "fcf_yield": 0.0802769154860977, "revenue_growth": 0.041321518997705496, "debt_to_equity": 0.8272522968959283, "operating_margin": 0.3566697989247112, "gross_margin": 0.539151429162139, "pe_ratio": 14.74107063961532, "ev_to_ebitda": 15.974504256231413}