{"roic": -0.0831289620230524, "roe": -0.12228357350114473, "fcf_yield": 0.05353094007937747, "revenue_growth": -0.05255976217748761, "debt_to_equity": 0.3850291391993886, "operating_margin": -0.018313710958900997, "gross_margin": 0.4376422233790797, "pe_ratio": -20.39196264597517, "ev_to_ebitda": 116.54678793774318}