{"roic": -0.06905035296512319, "roe": -0.10505614511240323, "fcf_yield": 0.1334240428153472, "revenue_growth": -0.5666346320047015, "debt_to_equity": 0.22432334787973707, "operating_margin": -0.8954566071171149, "gross_margin": 0.07903471360310535, "pe_ratio": -8.567145659759213, "ev_to_ebitda": -8.028144923684584}