{"roic": -0.15467440741897104, "roe": -0.33401994303236493, "fcf_yield": -0.1463762095389569, "revenue_growth": 0.003912379252570084, "debt_to_equity": 0.9954201474201474, "operating_margin": -0.16186049797343238, "gross_margin": 0.04708642273287867, "pe_ratio": -6.270909965315331, "ev_to_ebitda": -29.624174841053588}