{"roic": 0.042418184071544664, "roe": -0.044956788965676446, "fcf_yield": 0.10591158931750716, "revenue_growth": 0.06242173201040362, "debt_to_equity": 2.349699340300076, "operating_margin": 0.11771995043370508, "gross_margin": 0.23120863178892012, "pe_ratio": -23.302598587933247, "ev_to_ebitda": 5.923765000525928}