{"roic": 0.027652903739436845, "roe": 0.09136982298033476, "fcf_yield": 0.014270102279646138, "revenue_growth": 0.15383743357858165, "debt_to_equity": 1.7172656269333195, "operating_margin": 0.04809431359172383, "gross_margin": 0.17975570571214677, "pe_ratio": 86.50087085839256, "ev_to_ebitda": 24.386777603224303}