{"roic": 0.0683479250144151, "roe": 0.14976655715026801, "fcf_yield": 0.03327698711544209, "revenue_growth": 0.05740971119760169, "debt_to_equity": 3.7516859587317564, "operating_margin": 0.33754405444403096, "gross_margin": 0.5547650128865426, "pe_ratio": 56.482286879883, "ev_to_ebitda": 14.207828365791322}