{"roic": -0.012821113073786297, "roe": -0.05035367434859528, "fcf_yield": -0.293951445655008, "revenue_growth": 0.09082540282511019, "debt_to_equity": 0.8153024713999986, "operating_margin": -0.10893215583493829, "gross_margin": 0.26442330796216135, "pe_ratio": -20.294096831341243, "ev_to_ebitda": 13.025056910844764}