{"roic": 0.050230426275487336, "roe": 0.057787867886889034, "fcf_yield": -0.011669678327763904, "revenue_growth": 0.19068505641169517, "debt_to_equity": 0.2923648230837054, "operating_margin": 0.11862260193423109, "gross_margin": 0.35029905476394346, "pe_ratio": 40.6874700661226, "ev_to_ebitda": 21.764683776053467}