{"roic": 0.025371614783650385, "roe": 0.012343081703458818, "fcf_yield": 0.07189540940291013, "revenue_growth": 0.05996518029739161, "debt_to_equity": 0.4758950086855105, "operating_margin": 0.07794601958492947, "gross_margin": 0.04747293584383716, "pe_ratio": 76.152355910127, "ev_to_ebitda": 12.84819909843659}