{"roic": 0.03521390288883289, "roe": 0.05214660621174072, "fcf_yield": 0.04372076947764285, "revenue_growth": 0.10451100714127083, "debt_to_equity": 0.5611088796243715, "operating_margin": 0.031873530301972014, "gross_margin": 0.41413727665226713, "pe_ratio": 59.50913548733795, "ev_to_ebitda": 29.85215157045433}