{"roic": -0.10423863318084213, "roe": -0.11004779815646075, "fcf_yield": -0.015551126242111133, "revenue_growth": 0.2018686669298592, "debt_to_equity": 0.0063030890205709395, "operating_margin": -0.1111354428993759, "gross_margin": 0.7957108587241074, "pe_ratio": -30.396543952824203, "ev_to_ebitda": -64.17886569808647}