{"roic": 0.2605486844720307, "roe": 0.02444864594031231, "fcf_yield": 0.06595174477213504, "revenue_growth": 0.0571563128826476, "debt_to_equity": 0.5415932420840412, "operating_margin": 0.34510671472541715, "gross_margin": 0.8794953831200388, "pe_ratio": 50.41949456340579, "ev_to_ebitda": 17.59767573387989}