{"roic": 0.2859543107675445, "roe": 0.1823950134326248, "fcf_yield": 0.05081556604384265, "revenue_growth": 0.10549877105974, "debt_to_equity": 4.838013348745292, "operating_margin": 0.19939961382195584, "gross_margin": 0.4261685908524076, "pe_ratio": 33.170739930230305, "ev_to_ebitda": 20.43243483319853}