{"roic": -0.16914792335478504, "roe": 0.18274602700326525, "fcf_yield": 0.19892029355900634, "revenue_growth": 0.23175443243563515, "debt_to_equity": 0.11884326417813613, "operating_margin": 0.15250986200938352, "gross_margin": 0.43838622433375946, "pe_ratio": 10.80903478862305, "ev_to_ebitda": 8.833508446837243}