{"roic": 0.11395400837482934, "roe": 0.13585011515646028, "fcf_yield": 0.0604574235273306, "revenue_growth": 0.22650127937108577, "debt_to_equity": 0.074809731784307, "operating_margin": 0.09771688943444952, "gross_margin": 0.2627306894547816, "pe_ratio": 20.345313492999956, "ev_to_ebitda": 11.37777226627719}