{"roic": 0.003186088134602677, "roe": 0.9924635697474503, "fcf_yield": -0.033827670068919694, "revenue_growth": 0.2917880380636283, "debt_to_equity": 1.3328594854757645, "operating_margin": 0.004340254218120957, "gross_margin": 0.19979192111096034, "pe_ratio": 13.066898793255687, "ev_to_ebitda": 12.469327986641353}