{"roic": 0.07390249431108971, "roe": 0.15996275388465345, "fcf_yield": 0.06950637095685938, "revenue_growth": 0.15031009773464252, "debt_to_equity": 0.24939216873974063, "operating_margin": 0.14605047291679402, "gross_margin": 0.32751125172329154, "pe_ratio": 7.78046792013505, "ev_to_ebitda": 3.9505638236745573}