{"roic": -0.8908142823766845, "roe": -0.7334502983027458, "fcf_yield": -0.28342408219297666, "revenue_growth": 0.0, "debt_to_equity": 0.11755458030109438, "operating_margin": 0.0, "gross_margin": 0.0, "pe_ratio": -3.8745661742721924, "ev_to_ebitda": -2.9942368957526266}