{"roic": 0.2533985553172295, "roe": 0.6666680244896962, "fcf_yield": 0.46321636528083726, "revenue_growth": 0.36499987010134455, "debt_to_equity": 0.008345815239059924, "operating_margin": 0.5152050902587073, "gross_margin": 0.8146542786821674, "pe_ratio": 4.677612137283776, "ev_to_ebitda": 1.4249573362897858}