{"roic": -0.2280932416397706, "roe": -0.2387341798033082, "fcf_yield": -0.13237134139590206, "revenue_growth": 0.07984507671681812, "debt_to_equity": 0.019860285202932856, "operating_margin": -4.636593553133766, "gross_margin": 0.050489722720375226, "pe_ratio": -6.769802751739643, "ev_to_ebitda": -7.183107878435223}