{"roic": 0.027879681090324352, "roe": -0.03894318758258515, "fcf_yield": 0.0164507528463189, "revenue_growth": 0.4195848435485446, "debt_to_equity": 1.7471024351174036, "operating_margin": 0.3521924902240049, "gross_margin": 0.4578839562961434, "pe_ratio": -19.987053020554953, "ev_to_ebitda": 26.385368041174754}