{"roic": 0.12004706929019775, "roe": 0.12473373327891199, "fcf_yield": 0.07314298667755761, "revenue_growth": 0.10734497823455846, "debt_to_equity": 2.008273722313195, "operating_margin": 0.09749989396087817, "gross_margin": 0.17405481895739294, "pe_ratio": 14.798097684198641, "ev_to_ebitda": 8.776915280977793}