{"roic": 0.10492198518311614, "roe": 0.3116041966523603, "fcf_yield": 0.1508795992058114, "revenue_growth": 0.04100004217835822, "debt_to_equity": 2.5308094084751103, "operating_margin": 0.3211983089172553, "gross_margin": 0.5404478098219871, "pe_ratio": 5.927059408414979, "ev_to_ebitda": 5.266399169827097}