{"roic": 0.02040568926833243, "roe": 0.05895629853787533, "fcf_yield": 0.01715332587687063, "revenue_growth": 0.0, "debt_to_equity": 0.005976250513757595, "operating_margin": 0.05392715527428377, "gross_margin": 0.9858196948609543, "pe_ratio": 134.58110382958353, "ev_to_ebitda": 93.96196800901949}