{"roic": 0.04243665074999106, "roe": 0.09318665073560325, "fcf_yield": 0.024360148587608266, "revenue_growth": 0.24758288466987816, "debt_to_equity": 1.1509659204432159, "operating_margin": 0.6013373947242312, "gross_margin": 0.8892408026571632, "pe_ratio": 9.344272549358635, "ev_to_ebitda": 12.198251254776096}