{"roic": -0.3933938112199466, "roe": -0.6305535505753804, "fcf_yield": -0.04042640407954522, "revenue_growth": 0.0, "debt_to_equity": 0.014124253926147507, "operating_margin": 0.0, "gross_margin": 0.0, "pe_ratio": -28.098129504150688, "ev_to_ebitda": -30.60779851650749}