{"roic": 0.07697824640281425, "roe": 0.13858267716535433, "fcf_yield": 0.025368283976140837, "revenue_growth": -0.11184733633713226, "debt_to_equity": 0.8830227743271222, "operating_margin": 0.07400775887794687, "gross_margin": 0.21605490898239332, "pe_ratio": 12.991071334090908, "ev_to_ebitda": 5.811491009478673}