{"roic": -5.4385950581988975, "roe": 0.1399800981999272, "fcf_yield": -0.06891522370838946, "revenue_growth": 0.18070516624021773, "debt_to_equity": 0.47733887733887737, "operating_margin": 0.26062143310082436, "gross_margin": 0.3186429930247305, "pe_ratio": 5.407484567901234, "ev_to_ebitda": 2.1994262254923793}