{"roic": 0.018271643294814056, "roe": -0.0014841787268196139, "fcf_yield": 0.06803717070441573, "revenue_growth": 0.18621891428908974, "debt_to_equity": 0.930395371099872, "operating_margin": 0.4389096423419758, "gross_margin": 0.1928764285978474, "pe_ratio": -1120.4143715728155, "ev_to_ebitda": 17.936458364367645}