{"roic": 0.12735635545414617, "roe": -0.337210186240973, "fcf_yield": 0.0999661224831695, "revenue_growth": -0.03929405804036367, "debt_to_equity": -8.19476439790576, "operating_margin": 0.13578024960906382, "gross_margin": 0.3247573245212876, "pe_ratio": 32.33482416591524, "ev_to_ebitda": 11.402913484119345}