{"roic": 0.07015656528204703, "roe": -0.061518177750128245, "fcf_yield": 0.12196351783010304, "revenue_growth": 0.08983483322204036, "debt_to_equity": 0.26638430688168074, "operating_margin": 0.1385304983448759, "gross_margin": 0.3284517528498639, "pe_ratio": -11.559961366810493, "ev_to_ebitda": 10.376153207231102}