{"roic": -0.6176427911176079, "roe": -0.41926828319822956, "fcf_yield": -0.127213415927459, "revenue_growth": -0.15024969631529222, "debt_to_equity": 0.0, "operating_margin": -21.90574668826837, "gross_margin": 0.3631310079735697, "pe_ratio": -5.582064884427506, "ev_to_ebitda": -4.127266103388323}