{"roic": -0.20621943217713903, "roe": 0.06440651338200387, "fcf_yield": 0.08443013530590977, "revenue_growth": 0.04743715715429114, "debt_to_equity": 0.4920794751799292, "operating_margin": 0.07132630528614317, "gross_margin": 0.6627608947321267, "pe_ratio": 21.077720484881503, "ev_to_ebitda": 7.084279355582786}