{"roic": -0.07791813141062541, "roe": -0.8083947233167723, "fcf_yield": -0.013161546273817371, "revenue_growth": 0.2524102442775182, "debt_to_equity": 13.46151293961513, "operating_margin": -0.1527125132168935, "gross_margin": -0.07967917384904799, "pe_ratio": -9.585213410757426, "ev_to_ebitda": 58.36517008734564}