{"roic": -0.5776211813469361, "roe": -2.56655394533455, "fcf_yield": -0.16514255484447135, "revenue_growth": 6.278378378378378, "debt_to_equity": 8.297534957474413, "operating_margin": -1.0292622505456455, "gross_margin": 0.979555563741516, "pe_ratio": -6.805073678946264, "ev_to_ebitda": -11.68859099354045}