{"roic": -0.5691172391297984, "roe": -1.0198474687002517, "fcf_yield": -0.455897498754902, "revenue_growth": 0.0, "debt_to_equity": 0.0, "operating_margin": 0.0, "gross_margin": 0.0, "pe_ratio": -3.3750903601503794, "ev_to_ebitda": -4.38988769429442}