{"roic": -0.01745386799756627, "roe": -0.04449376105511679, "fcf_yield": 0.06827854314043233, "revenue_growth": -0.04926036984142877, "debt_to_equity": 0.13357890130513436, "operating_margin": 0.00303459747079791, "gross_margin": 0.4468340470153997, "pe_ratio": -101.69282217596542, "ev_to_ebitda": 22.14624017021521}