{"roic": -0.03762177122367753, "roe": -0.03458754122488693, "fcf_yield": -0.01886383944209972, "revenue_growth": 0.9944977743142881, "debt_to_equity": 0.009083930950912705, "operating_margin": -0.13776935827610703, "gross_margin": 0.4235792090930618, "pe_ratio": -285.02272460374127, "ev_to_ebitda": 57.26681891305973}