{"roic": 0.03931330472103004, "roe": 0.055248764415156505, "fcf_yield": 0.15684336584166764, "revenue_growth": -0.052262222072269646, "debt_to_equity": 0.42599905228241985, "operating_margin": 0.041101299447196496, "gross_margin": 0.36614258022830065, "pe_ratio": 18.523511450381676, "ev_to_ebitda": 12.990686327037773}