{"roic": -0.5660661162732311, "roe": -249.62377571436411, "fcf_yield": -26.647458034161833, "revenue_growth": -0.35217426732216095, "debt_to_equity": 0.11863311136299234, "operating_margin": -1.2138135368188616, "gross_margin": 0.40757200955934764, "pe_ratio": -23.88857717993795, "ev_to_ebitda": -8.034652356710142}