{"roic": -0.6204335353039734, "roe": -1.0029039472605707, "fcf_yield": -0.20142122809129284, "revenue_growth": -0.054638863027067046, "debt_to_equity": 0.8486232911481034, "operating_margin": -2.129238947293481, "gross_margin": 0.7576710410783359, "pe_ratio": -4.925504543894267, "ev_to_ebitda": -5.285325116137918}