{"roic": 0.08679514072178374, "roe": 0.09454082204593094, "fcf_yield": 0.07576789957346515, "revenue_growth": 0.1783415521391108, "debt_to_equity": 0.006878273883761537, "operating_margin": 0.15340444600742445, "gross_margin": 0.6804640475962402, "pe_ratio": 24.235965754027646, "ev_to_ebitda": 11.461966697337237}