{"roic": -0.3088710364409746, "roe": -0.5752320670852777, "fcf_yield": -0.14068879612767304, "revenue_growth": 0.1557630236716599, "debt_to_equity": 0.9113869450177184, "operating_margin": -0.3183373767250756, "gross_margin": 0.61805528703229, "pe_ratio": -3.1566722782130885, "ev_to_ebitda": -4.026220212923927}