{"roic": 0.029883084373958355, "roe": -0.07886787459494282, "fcf_yield": 0.011120151663525847, "revenue_growth": -0.1431153905613737, "debt_to_equity": 2.1914184506440937, "operating_margin": 0.07543761348656296, "gross_margin": 0.3372273125684407, "pe_ratio": -4.372872805495802, "ev_to_ebitda": 14.982367201093144}