{"roic": -0.0701325601427338, "roe": -0.12331762669885447, "fcf_yield": -0.010178471984732682, "revenue_growth": -0.03730579361280653, "debt_to_equity": 0.03143907936884565, "operating_margin": -0.11673701057154574, "gross_margin": 0.43583583256819974, "pe_ratio": -7.319639545476339, "ev_to_ebitda": -11.392266585266585}