{"roic": -0.19549320330919776, "roe": -0.2324231911818558, "fcf_yield": -0.02974929670452749, "revenue_growth": -0.23720536092589703, "debt_to_equity": 0.11143167608023616, "operating_margin": -0.3331036326124907, "gross_margin": 0.7562833588092315, "pe_ratio": -16.75310660302307, "ev_to_ebitda": -32.86416997144458}