{"roic": 0.013666629022537503, "roe": 0.09347475039622445, "fcf_yield": 0.08213217393919515, "revenue_growth": 0.006297846731155579, "debt_to_equity": 0.10504577889830088, "operating_margin": 0.2970686187110854, "gross_margin": 0.6954786282887104, "pe_ratio": 12.15687213486288, "ev_to_ebitda": 8.420503514737232}