{"roic": 0.020959177608130434, "roe": 0.025229325895462233, "fcf_yield": 0.17083512556120603, "revenue_growth": 0.023857390638374554, "debt_to_equity": 2.3638132726558045, "operating_margin": 0.05077255611613819, "gross_margin": 0.3456706162585774, "pe_ratio": 83.47894145444998, "ev_to_ebitda": 9.040986141131595}