{"roic": 0.06901936314782113, "roe": 0.09293279346499991, "fcf_yield": 0.024282733154728585, "revenue_growth": 0.12986508743616387, "debt_to_equity": 2.0005967100311794, "operating_margin": 0.04932892266865595, "gross_margin": 0.14252643035776524, "pe_ratio": 48.709126043569256, "ev_to_ebitda": 14.363157404376402}