{"roic": -0.05710577187090046, "roe": -0.020467025719039907, "fcf_yield": 0.0229543687392646, "revenue_growth": 4.045000683900971, "debt_to_equity": 0.0, "operating_margin": -0.11164732675414814, "gross_margin": 0.9889166034052705, "pe_ratio": -280.5385795206971, "ev_to_ebitda": -132.29391924544296}