{"roic": 0.07203144314309301, "roe": 0.07854954791109622, "fcf_yield": 0.09779209541762714, "revenue_growth": 0.039584238439910484, "debt_to_equity": 0.06681134299976811, "operating_margin": 0.1421304655120034, "gross_margin": 0.4934540571937684, "pe_ratio": 13.044122795518165, "ev_to_ebitda": 7.5594870112351735}