{"roic": -0.3418222354136741, "roe": -1.0689794664424312, "fcf_yield": 0.06915183231640765, "revenue_growth": -0.014377246709532401, "debt_to_equity": 0.7761358456748635, "operating_margin": -0.7448315023940114, "gross_margin": 0.8127239013791064, "pe_ratio": -1.3854199520182755, "ev_to_ebitda": -2.044422945080379}