{"roic": 0.034055199634773985, "roe": 0.33278876989169237, "fcf_yield": 0.21703767563363646, "revenue_growth": 0.0, "debt_to_equity": 6.3525236593059935, "operating_margin": 0.03686361652315384, "gross_margin": 0.08348875044641085, "pe_ratio": 7.3562544416883116, "ev_to_ebitda": 11.164260612244897}