{"roic": -0.031114998516362756, "roe": -0.036662033596084734, "fcf_yield": 0.016692651008402545, "revenue_growth": 0.08633051130448448, "debt_to_equity": 0.03859513955735725, "operating_margin": -0.061929030032603014, "gross_margin": 0.8554451479375536, "pe_ratio": -71.17796108949418, "ev_to_ebitda": 25.419608626883022}