{"roic": -0.5301934802850927, "roe": -0.8400556328233658, "fcf_yield": -0.09631999461990416, "revenue_growth": 0.0, "debt_to_equity": 0.14722866299419593, "operating_margin": 0.0, "gross_margin": 0.0, "pe_ratio": -9.581394336107442, "ev_to_ebitda": -8.579928796429977}