{"roic": 0.04051278094735331, "roe": 0.05366316461914715, "fcf_yield": 0.03770099916368228, "revenue_growth": 0.09191950921458335, "debt_to_equity": 1.5451800936225117, "operating_margin": 0.07391506854863207, "gross_margin": 0.7326341281536004, "pe_ratio": 57.27272052652503, "ev_to_ebitda": 10.374511094531487}