{"roic": 0.030540271925007214, "roe": 0.03278287495208231, "fcf_yield": 0.1002949175218183, "revenue_growth": -0.11416243493775113, "debt_to_equity": 0.2986093148935936, "operating_margin": 0.045839426266764564, "gross_margin": 0.2644034889627925, "pe_ratio": 57.61704852426213, "ev_to_ebitda": 14.476606179962276}