{"roic": 0.03483393742839093, "roe": 0.027918393161449326, "fcf_yield": 0.037489035770484826, "revenue_growth": 0.07353103122787698, "debt_to_equity": 0.7673439921549496, "operating_margin": 0.0584105130497223, "gross_margin": 0.2805287299051862, "pe_ratio": 62.32189155339807, "ev_to_ebitda": 10.65928552702071}