{"roic": 0.01506162275182962, "roe": -0.10326725691451853, "fcf_yield": 0.1303771498494746, "revenue_growth": -0.05068719644517929, "debt_to_equity": 1.1387313047962868, "operating_margin": 0.020631329454858866, "gross_margin": 0.06491057961646197, "pe_ratio": -9.053596358118362, "ev_to_ebitda": 5.525775413461538}