{"roic": -0.29139606991208755, "roe": -0.2944024310493717, "fcf_yield": -0.04036469786413952, "revenue_growth": 0.0, "debt_to_equity": 0.0, "operating_margin": -2.3157557407120914, "gross_margin": 0.0, "pe_ratio": -154.78079611863174, "ev_to_ebitda": -22.91855541667829}