{"roic": 0.024992243218182084, "roe": 0.06889159496904829, "fcf_yield": -0.002423537765936671, "revenue_growth": 0.2200401933974082, "debt_to_equity": 0.0, "operating_margin": 0.01377195013785058, "gross_margin": 0.42971368150617595, "pe_ratio": 112.16896590658283, "ev_to_ebitda": 69.97209713228493}