{"roic": -0.06505319764266931, "roe": -0.2026191222396178, "fcf_yield": 0.17477616499320622, "revenue_growth": -0.0980447595421085, "debt_to_equity": 0.5727911276097979, "operating_margin": -0.21902958872403894, "gross_margin": 0.08149286320200891, "pe_ratio": -5.490256288342014, "ev_to_ebitda": 4.227097250680672}