{"roic": -0.16641302996977464, "roe": -0.1962738756096804, "fcf_yield": -0.008240049065041596, "revenue_growth": 1.4670817095100928, "debt_to_equity": 0.27265262385492073, "operating_margin": -0.1572336937256292, "gross_margin": 0.895941155618575, "pe_ratio": -40.98229170646511, "ev_to_ebitda": -46.84485557305462}