{"roic": 0.11381721158598436, "roe": 0.18325815165048803, "fcf_yield": 0.1252043090079917, "revenue_growth": 0.18951240470961875, "debt_to_equity": 0.4962207640473409, "operating_margin": 0.11930240201698791, "gross_margin": 0.38010573302116435, "pe_ratio": 5.783384826203862, "ev_to_ebitda": 2.9350355218232824}