{"roic": 0.023347258304168075, "roe": 0.30558110045901493, "fcf_yield": 0.10400446385746714, "revenue_growth": -0.02766065911286484, "debt_to_equity": 0.9948303321615611, "operating_margin": 0.3935294019466488, "gross_margin": 0.6837831904138908, "pe_ratio": 10.794528781700409, "ev_to_ebitda": 10.307947896291306}