{"roic": 0.039982285352836384, "roe": 0.04508010476827868, "fcf_yield": 0.14962559601420833, "revenue_growth": 1.8767016116413706, "debt_to_equity": 0.21394518267847595, "operating_margin": 0.023041881968996463, "gross_margin": 0.297854647392314, "pe_ratio": 27.93474686429855, "ev_to_ebitda": 7.508900301491999}