{"roic": 0.07366369088866441, "roe": 0.0992675788683813, "fcf_yield": 0.19966301378953932, "revenue_growth": 0.13536949987390634, "debt_to_equity": 0.24355035637166697, "operating_margin": 0.23699141774420332, "gross_margin": 0.6232956298863737, "pe_ratio": 12.785765529532053, "ev_to_ebitda": 4.538693745060949}