{"roic": 0.07549929677659684, "roe": 0.09260463265761613, "fcf_yield": 0.07758518212775374, "revenue_growth": 0.12470988176828769, "debt_to_equity": 0.0729002019168395, "operating_margin": 0.08885294456819272, "gross_margin": 0.7517009486468278, "pe_ratio": 26.852853137378183, "ev_to_ebitda": 11.88340340298351}