{"roic": 0.05698029422816054, "roe": 0.15916104391582422, "fcf_yield": 0.0548204634978631, "revenue_growth": -0.08252810029828858, "debt_to_equity": 7.9755805433434785, "operating_margin": 0.05271466668538719, "gross_margin": 0.3448452879992348, "pe_ratio": 36.19035032616574, "ev_to_ebitda": 7.861526620413039}