{"roic": 0.16048808416231303, "roe": 0.6641123882503193, "fcf_yield": 0.11199098086386501, "revenue_growth": -0.04971428571428571, "debt_to_equity": 2.4391304347826086, "operating_margin": 0.12447384245339747, "gross_margin": 0.5947083583884546, "pe_ratio": 20.002153846153846, "ev_to_ebitda": 9.413437444444444}