{"roic": -0.07353714606940472, "roe": -0.12365496228872982, "fcf_yield": 0.21541900368489877, "revenue_growth": -0.015409947329790853, "debt_to_equity": 0.7689416275791056, "operating_margin": -0.0759898872637508, "gross_margin": 0.6561570250070293, "pe_ratio": -6.761029122800867, "ev_to_ebitda": 22.516668383833654}