{"roic": -0.17709674875811496, "roe": -0.3447208543838332, "fcf_yield": 0.0003164061476005886, "revenue_growth": 0.1952920997881022, "debt_to_equity": 0.8807122463804842, "operating_margin": -0.06503588974721135, "gross_margin": 0.7938953647369962, "pe_ratio": -27.87489066983279, "ev_to_ebitda": -141.80474141709277}