{"roic": 0.14352552251026343, "roe": 0.2811421481149961, "fcf_yield": 0.08113533999942675, "revenue_growth": 0.005164823325296192, "debt_to_equity": 0.4796387546982982, "operating_margin": 0.2204169765210462, "gross_margin": 0.3077685605853402, "pe_ratio": 13.010770301887582, "ev_to_ebitda": 8.767013002174386}