{"roic": -0.22720993052820415, "roe": -1.5356492603428917, "fcf_yield": 0.018635656272584646, "revenue_growth": 255.72841604350782, "debt_to_equity": 1.7044068533793124, "operating_margin": -0.4015905497964834, "gross_margin": 0.11512091178189504, "pe_ratio": -2.419267655930851, "ev_to_ebitda": -6.259269671183942}