{"roic": -0.277596029715846, "roe": -0.03707732160536076, "fcf_yield": 0.1082398890148352, "revenue_growth": 0.11042409010456422, "debt_to_equity": 1.6893119007332205, "operating_margin": 0.029468095304237593, "gross_margin": 0.7817271594383788, "pe_ratio": -209.0656223978248, "ev_to_ebitda": 23.822202482714996}