{"roic": -0.10912647489300306, "roe": -0.20023706176614137, "fcf_yield": -0.017236835352055908, "revenue_growth": 0.0, "debt_to_equity": 0.0009130433054750806, "operating_margin": 0.0, "gross_margin": 0.0, "pe_ratio": -51.25725366168782, "ev_to_ebitda": -38.53823467182449}