{"roic": 0.03556076658344017, "roe": 0.03926965776676759, "fcf_yield": 0.07105063935002771, "revenue_growth": 0.05734347571679345, "debt_to_equity": 0.5700953961012029, "operating_margin": 0.06648666891663854, "gross_margin": 0.1655416807289909, "pe_ratio": 37.93151344046729, "ev_to_ebitda": 11.57811583697479}