{"roic": 0.03721155068005171, "roe": 0.03404434937856469, "fcf_yield": 0.035680965302819834, "revenue_growth": 0.0583457061530511, "debt_to_equity": 0.15050041284717292, "operating_margin": 0.08608074700363837, "gross_margin": 0.8826676305079737, "pe_ratio": 50.69297709720163, "ev_to_ebitda": 33.97833218515833}