{"roic": 0.15954814158047548, "roe": 0.0489301959866489, "fcf_yield": 0.01971646960714059, "revenue_growth": 0.04373359199552964, "debt_to_equity": 2.674887514499576, "operating_margin": 0.14506228550027936, "gross_margin": 0.4113446177837536, "pe_ratio": 45.05113425171713, "ev_to_ebitda": 71.6239737421637}