{"roic": -0.06243574979610202, "roe": -0.09232787706466936, "fcf_yield": 0.026907742155817403, "revenue_growth": -0.1699243020462265, "debt_to_equity": 0.027477990119638182, "operating_margin": -0.10302680618148362, "gross_margin": 0.14196828169101938, "pe_ratio": -39.461445186282695, "ev_to_ebitda": 33.244711086887406}