{"roic": 0.05000856726079389, "roe": 0.07014016698021837, "fcf_yield": 0.055390993731338725, "revenue_growth": -0.04622699084163566, "debt_to_equity": 0.23003209372524303, "operating_margin": 0.03307804024054816, "gross_margin": 0.13483375111525678, "pe_ratio": 13.715938714973339, "ev_to_ebitda": 8.147085100895058}