{"roic": 0.0887040570489866, "roe": 0.11424896177273693, "fcf_yield": 0.02751371923259948, "revenue_growth": 0.007233704453236668, "debt_to_equity": 0.32142631733314525, "operating_margin": 0.15917672232960609, "gross_margin": 0.45440230186720204, "pe_ratio": 33.718976818545165, "ev_to_ebitda": 19.628476151683763}