{"roic": 0.03872860001551798, "roe": 0.031712889816240125, "fcf_yield": 0.08462914781334448, "revenue_growth": 0.026434561891707026, "debt_to_equity": 0.3816405432188368, "operating_margin": 0.04710101481425484, "gross_margin": 0.23619586723216124, "pe_ratio": 40.858340329636334, "ev_to_ebitda": 7.904855527027964}