{"roic": 0.001830363934761651, "roe": -0.05411979617792451, "fcf_yield": 0.011153490735652631, "revenue_growth": 0.39448310678125337, "debt_to_equity": 0.057407716627613174, "operating_margin": 0.0055753919503154946, "gross_margin": 0.29364188366172295, "pe_ratio": -16.86156330616649, "ev_to_ebitda": 9.338635646111705}