{"roic": 0.08919274798782104, "roe": 0.1592802767216646, "fcf_yield": 0.07485118149580298, "revenue_growth": 0.05411436710756139, "debt_to_equity": 0.2192517003419747, "operating_margin": 0.1182496499271012, "gross_margin": 0.3874813066119433, "pe_ratio": 14.00728884218505, "ev_to_ebitda": 9.192088061277593}