{"roic": 0.010729151358858397, "roe": 0.08630606360656583, "fcf_yield": 0.29966106317734903, "revenue_growth": -0.9997611185136089, "debt_to_equity": 0.031962465222624775, "operating_margin": 0.07099062892842177, "gross_margin": -0.3118966896499181, "pe_ratio": 14.85955444163719, "ev_to_ebitda": -8.978789006486856}