{"roic": 0.10941697619253954, "roe": 0.5387974451921804, "fcf_yield": 0.03866808460623572, "revenue_growth": 0.37132309643520406, "debt_to_equity": 0.9927943352356796, "operating_margin": 0.1793296052479463, "gross_margin": 0.5991900828084176, "pe_ratio": 17.984971457399453, "ev_to_ebitda": 23.14034199166268}