{"roic": 0.056491651566346404, "roe": 0.06955693187232015, "fcf_yield": 0.029114725018915547, "revenue_growth": -0.06466153726587394, "debt_to_equity": 0.5728058510638298, "operating_margin": 0.06057332779393436, "gross_margin": 0.40240963855421685, "pe_ratio": 33.920446867579905, "ev_to_ebitda": 13.764766257961783}