{"roic": -0.2783164347249629, "roe": -1.4198470635154583, "fcf_yield": -0.022318863555973664, "revenue_growth": 0.07927330587117888, "debt_to_equity": 3.636927241090417, "operating_margin": -0.18177831475378817, "gross_margin": 0.5380847826429731, "pe_ratio": -6.44722617361145, "ev_to_ebitda": -10.32830007675916}