{"roic": 0.16009958506224067, "roe": 1.7966101694915255, "fcf_yield": 0.16089625619345882, "revenue_growth": -0.008509796160696616, "debt_to_equity": 11.397590361445783, "operating_margin": 0.05521844660194175, "gross_margin": 0.1767799352750809, "pe_ratio": 13.145220125786162, "ev_to_ebitda": 6.901327412987014}