{"roic": -0.2930593628949648, "roe": -0.5029903950886226, "fcf_yield": -0.05741413591941256, "revenue_growth": 0.48289714516627447, "debt_to_equity": 0.09697295329872696, "operating_margin": -1.7839349833290588, "gross_margin": 0.9734066427289049, "pe_ratio": -23.989276957891217, "ev_to_ebitda": -22.45033968226772}