{"roic": 0.16093219500939449, "roe": -0.25774877650897227, "fcf_yield": 0.1833355661963485, "revenue_growth": 0.040631469979296064, "debt_to_equity": -5.624633431085044, "operating_margin": 0.15263027908125462, "gross_margin": 0.43220548283526794, "pe_ratio": 17.173333333333336, "ev_to_ebitda": 13.678090574712643}