{"roic": 0.00717903735761476, "roe": 0.0637691054188861, "fcf_yield": 0.07753001542440623, "revenue_growth": -0.016120183907148367, "debt_to_equity": 0.1737250818148351, "operating_margin": 0.18575147442737247, "gross_margin": 0.7104958499485003, "pe_ratio": 20.266194180710873, "ev_to_ebitda": 14.257090762066124}