{"roic": 0.11269220461216299, "roe": 0.20837602550782788, "fcf_yield": 0.02918734233824314, "revenue_growth": 0.283929462651805, "debt_to_equity": 0.8720590227601156, "operating_margin": 0.20586228194064726, "gross_margin": 0.5707961352907386, "pe_ratio": 27.10910726566261, "ev_to_ebitda": 14.648615574676144}