{"roic": 0.03794029282942431, "roe": 0.05564379014636045, "fcf_yield": 0.02835619213120561, "revenue_growth": -0.22750847453854664, "debt_to_equity": 0.37783270432226007, "operating_margin": 0.0777496681958621, "gross_margin": 0.20560814354239174, "pe_ratio": 21.61532935734102, "ev_to_ebitda": 15.92450118044701}