{"roic": 0.1410676033923544, "roe": 0.8595733461909812, "fcf_yield": 0.13591235724948603, "revenue_growth": 0.2411690932984085, "debt_to_equity": 1.4100067599939619, "operating_margin": 0.08696009421818082, "gross_margin": 0.9632215446901432, "pe_ratio": 2.9649759877092445, "ev_to_ebitda": 6.2313822053898225}