{"roic": 0.13741724142977046, "roe": 0.19156048385119934, "fcf_yield": 0.03643207543367624, "revenue_growth": 0.019816770000234487, "debt_to_equity": 0.22149953998350475, "operating_margin": 0.21967746687933834, "gross_margin": 0.3917030794529694, "pe_ratio": 21.674306226190165, "ev_to_ebitda": 13.25926720221365}