{"roic": 0.06406199187285255, "roe": 0.14091560225354396, "fcf_yield": 0.05976277617965367, "revenue_growth": -0.021849546415545693, "debt_to_equity": 1.1989188289934452, "operating_margin": 0.6382892040914808, "gross_margin": 0.7758031469278295, "pe_ratio": 9.446215022418217, "ev_to_ebitda": 15.150151972783213}