{"roic": 0.035914702581369244, "roe": 0.06102212051868802, "fcf_yield": 0.12061027249929489, "revenue_growth": 0.030517711171662125, "debt_to_equity": 1.917829457364341, "operating_margin": 0.04230565838180857, "gross_margin": 0.8529878371232152, "pe_ratio": 33.278787835, "ev_to_ebitda": 6.813422548245614}