{"roic": 0.03304744447293688, "roe": 0.2450253234439884, "fcf_yield": -0.15277709943124185, "revenue_growth": -0.29952585087035594, "debt_to_equity": 4.989154616240267, "operating_margin": 0.16588320814150714, "gross_margin": 0.2700751150957112, "pe_ratio": 11.311653605015675, "ev_to_ebitda": 12.422943562025708}