{"roic": -0.031868131868131866, "roe": -0.2984600730274647, "fcf_yield": -0.17053358457797527, "revenue_growth": -0.057254391672088484, "debt_to_equity": 2.5317348377997178, "operating_margin": -0.060041407867494824, "gross_margin": 0.09282263630089717, "pe_ratio": -3.4861991702127657, "ev_to_ebitda": 152.32634148484848}