{"roic": 0.020685417477164507, "roe": 1.0107044216580314, "fcf_yield": 0.03325855207064857, "revenue_growth": -0.3019318710067999, "debt_to_equity": 0.029424545285244273, "operating_margin": 0.062054183615851764, "gross_margin": 0.2279238052985169, "pe_ratio": 1.5871757424216342, "ev_to_ebitda": 1.6474381823070718}