{"roic": 0.05679685949114499, "roe": 0.06091658837290476, "fcf_yield": 0.1323165067269189, "revenue_growth": -0.052309279290574814, "debt_to_equity": 3.1665336012216914, "operating_margin": 0.7496375559905868, "gross_margin": 0.8051158492114813, "pe_ratio": 10.280201665115428, "ev_to_ebitda": 14.438835184220757}