{"roic": 0.03227487229638416, "roe": 0.06866235375379132, "fcf_yield": 0.07073587687633989, "revenue_growth": 0.11948581455474284, "debt_to_equity": 0.2769501192942643, "operating_margin": 0.01298924853126715, "gross_margin": 0.3860193778904656, "pe_ratio": 41.03315806016437, "ev_to_ebitda": 17.669122759171763}