{"roic": -0.26769690990196365, "roe": -0.2549040063667878, "fcf_yield": -0.014540840254117643, "revenue_growth": 0.0, "debt_to_equity": 0.004109275064940735, "operating_margin": 0.0, "gross_margin": 0.0, "pe_ratio": -47.19749085058116, "ev_to_ebitda": -43.76348516806534}