{"roic": -0.3488294272148702, "roe": -0.566418906787335, "fcf_yield": -0.05923743679434215, "revenue_growth": 0.17280691227649106, "debt_to_equity": 0.07358932201605262, "operating_margin": -11.306456564002865, "gross_margin": 0.9401412053617109, "pe_ratio": -18.56761137049967, "ev_to_ebitda": -11.846277075292635}