{"roic": 0.0549593170202231, "roe": 0.10580735755093923, "fcf_yield": 0.09655541055266091, "revenue_growth": 0.0012925894318999952, "debt_to_equity": 1.0842888784807811, "operating_margin": 0.5354850530804424, "gross_margin": 0.728443010704926, "pe_ratio": 10.913546942258296, "ev_to_ebitda": 15.633246400929128}