{"roic": 0.025527878584933935, "roe": 0.025125129187197753, "fcf_yield": 0.002098582144442128, "revenue_growth": 0.05311369679408323, "debt_to_equity": 0.7820365793720785, "operating_margin": 0.08409716766262727, "gross_margin": 0.2457268925235499, "pe_ratio": 174.71134020618558, "ev_to_ebitda": 17.48787222334711}