{"roic": -0.1392493162101418, "roe": -0.7916302438947559, "fcf_yield": 0.006379811409123531, "revenue_growth": 1.1045480862013508, "debt_to_equity": 2.959792036785453, "operating_margin": -0.12802177984182717, "gross_margin": 0.9419740834554305, "pe_ratio": -79.26144701060466, "ev_to_ebitda": 194.51789270927094}