{"roic": 0.015800945425152698, "roe": -0.16205759290706012, "fcf_yield": -0.06094825792796918, "revenue_growth": -0.009477029822794603, "debt_to_equity": 1.4922662862615703, "operating_margin": 0.011026650633164171, "gross_margin": 0.13551818746174316, "pe_ratio": -5.7993700823579415, "ev_to_ebitda": 12.379580119431257}