{"roic": 0.042991440170323435, "roe": -0.19113785797315935, "fcf_yield": -0.05120791465520642, "revenue_growth": -0.28401216782902616, "debt_to_equity": 4.785257848472406, "operating_margin": 0.5727264053659487, "gross_margin": 0.8797170643597548, "pe_ratio": -3.956419745218844, "ev_to_ebitda": 130.49041862061077}