{"roic": -0.23603843575732691, "roe": -0.16582158638358868, "fcf_yield": -0.023418496218006294, "revenue_growth": 0.20320537808252442, "debt_to_equity": 0.40311338646553896, "operating_margin": -0.3435387440398205, "gross_margin": 0.5162313532895594, "pe_ratio": -48.17298878341146, "ev_to_ebitda": -73.07025936712077}