{"roic": -0.06784433349352983, "roe": -0.05689014312684135, "fcf_yield": 0.04497165859220062, "revenue_growth": 0.052453809441947656, "debt_to_equity": 0.19808093670180302, "operating_margin": -0.09487059423822732, "gross_margin": 0.6905182297459799, "pe_ratio": -65.45947113402535, "ev_to_ebitda": -205.62017473868985}