{"roic": -0.5010132572541295, "roe": -0.4117054970665893, "fcf_yield": -0.05211949232626778, "revenue_growth": 0.0, "debt_to_equity": 0.022417112629592905, "operating_margin": 0.0, "gross_margin": 0.0, "pe_ratio": -16.914664352755803, "ev_to_ebitda": -14.711663989413823}