{"roic": 0.07442117204849713, "roe": -0.29464339877121837, "fcf_yield": -0.017639013210255478, "revenue_growth": -0.09282436404449629, "debt_to_equity": 1.5655474792325612, "operating_margin": 0.04891680426907378, "gross_margin": 0.4695404166417907, "pe_ratio": -4.978364953531777, "ev_to_ebitda": -48.17957932557603}