{"roic": -0.05835766605383745, "roe": -0.06137869672980379, "fcf_yield": -0.02152705345408399, "revenue_growth": 1.6280497968866168, "debt_to_equity": 0.0013128143867055509, "operating_margin": -0.21394012610211477, "gross_margin": 0.142602696010679, "pe_ratio": -346.15985077632905, "ev_to_ebitda": -241.8708190406479}