{"roic": 0.012101219374301682, "roe": 0.09405585429955898, "fcf_yield": 0.10163049490946685, "revenue_growth": 0.03821158256299754, "debt_to_equity": 0.03297154924690793, "operating_margin": 0.28390600014982936, "gross_margin": 0.6797183982723123, "pe_ratio": 11.843944332690176, "ev_to_ebitda": 8.556217535206697}