{"roic": -0.07172967988407325, "roe": -0.28047106422946316, "fcf_yield": -0.013155349727432096, "revenue_growth": -0.020785659801678107, "debt_to_equity": 1.2428730689600256, "operating_margin": -0.05262903537599072, "gross_margin": 0.15629228687415425, "pe_ratio": -17.412843894899538, "ev_to_ebitda": -109.55466639769453}