{"roic": -0.008542071438605272, "roe": 0.01740360757996368, "fcf_yield": 0.10171487300697955, "revenue_growth": 0.0041687590981037805, "debt_to_equity": 0.04859332607941614, "operating_margin": -0.005261798532368417, "gross_margin": 0.6563397329092834, "pe_ratio": 188.6793179616496, "ev_to_ebitda": 14.575469939440039}