{"roic": 0.5270005243685465, "roe": 0.0833934432559756, "fcf_yield": 0.06873414412233171, "revenue_growth": 0.06060912519158767, "debt_to_equity": 1.4966242195546704, "operating_margin": 0.2903530882371082, "gross_margin": 0.2531671854504784, "pe_ratio": 25.47143181270953, "ev_to_ebitda": 14.238720972339834}