{"roic": -0.024043892205906085, "roe": -0.27386306846576713, "fcf_yield": -0.4407309386589591, "revenue_growth": -0.013509933774834438, "debt_to_equity": 11.126272912423625, "operating_margin": -0.040010741138560686, "gross_margin": 0.35499462943071963, "pe_ratio": -6.6798803503649635, "ev_to_ebitda": -150.28757894736842}