{"roic": -0.13903498817627033, "roe": -0.22051613817790056, "fcf_yield": -0.04211752436900232, "revenue_growth": 1.0123225640794355, "debt_to_equity": 0.015034068687988657, "operating_margin": -2.2458766536982004, "gross_margin": 0.33623600649938296, "pe_ratio": -19.23350490894968, "ev_to_ebitda": -18.038342486781605}