{"roic": 0.051610162331209936, "roe": 0.0321539679969896, "fcf_yield": 0.06468981551358309, "revenue_growth": 0.08813894708836344, "debt_to_equity": 0.849546421120654, "operating_margin": 0.32563343056760036, "gross_margin": 0.4171500223376019, "pe_ratio": 45.51502075253453, "ev_to_ebitda": 15.8818811698212}