{"roic": 0.01481295961553818, "roe": -0.04972904048453937, "fcf_yield": 0.126515531837971, "revenue_growth": 0.02595222724338283, "debt_to_equity": 2.086395873629916, "operating_margin": 0.003360598566990045, "gross_margin": 0.13344112611755754, "pe_ratio": -40.00661538461539, "ev_to_ebitda": 16.771665699468084}