{"roic": 0.042895866152425445, "roe": -1.3287728523489757, "fcf_yield": -0.16333265658316376, "revenue_growth": 0.9148584273052213, "debt_to_equity": 26.354194057323166, "operating_margin": 0.21203549185268922, "gross_margin": 0.47067429060375265, "pe_ratio": 2.3330599523671087, "ev_to_ebitda": 11.572395254533147}