{"roic": -0.4702117053718039, "roe": -0.36483059792409017, "fcf_yield": -0.2606246811686448, "revenue_growth": 0.2042194092827004, "debt_to_equity": 0.0037348684849501574, "operating_margin": -56.18815697266994, "gross_margin": 0.96916608269096, "pe_ratio": -3.5542678973529553, "ev_to_ebitda": -2.634424081690177}