{"roic": 0.14791745376471047, "roe": 0.12101752525927299, "fcf_yield": 0.298676540860427, "revenue_growth": 0.08667780410150157, "debt_to_equity": 2.41445261634243, "operating_margin": 0.05390691889945756, "gross_margin": 0.41311051114642056, "pe_ratio": 12.925309480282058, "ev_to_ebitda": 2.586459732229763}