{"roic": 0.020066893388381486, "roe": 0.07289714859826907, "fcf_yield": -0.053018758481116056, "revenue_growth": 0.5887488348664103, "debt_to_equity": 2.316298517178571, "operating_margin": 0.050514122922750926, "gross_margin": 0.952082758030759, "pe_ratio": 59.61189327587172, "ev_to_ebitda": 54.64991665403466}