{"roic": 0.09655209445370545, "roe": 0.18757335653928986, "fcf_yield": 0.1707994129062646, "revenue_growth": 0.02399376076430637, "debt_to_equity": 0.6042312177244711, "operating_margin": 0.16414017040203913, "gross_margin": 0.77817269708448, "pe_ratio": 11.870853887805936, "ev_to_ebitda": 8.874637969324516}