{"roic": -0.28285117902221063, "roe": -0.7617023332206173, "fcf_yield": -0.0936791504416037, "revenue_growth": -0.19281433572657686, "debt_to_equity": 0.8807648608170222, "operating_margin": -2.5500790237806448, "gross_margin": -0.6517440364612048, "pe_ratio": -9.037941989238698, "ev_to_ebitda": -9.323709683842248}