{"roic": -0.8106039458052287, "roe": 1.7021035939631177, "fcf_yield": -0.1453372320706211, "revenue_growth": 0.21449589592690105, "debt_to_equity": -1.2167169160172175, "operating_margin": -1.137310088534266, "gross_margin": 0.8866269537654389, "pe_ratio": -7.376811934016964, "ev_to_ebitda": -8.383307091257555}