{"roic": -1.074328971626489, "roe": -0.4989043050253193, "fcf_yield": 0.0354723133014494, "revenue_growth": 0.0, "debt_to_equity": 0.02425943856785883, "operating_margin": 0.21970722185032324, "gross_margin": 0.8115210561717306, "pe_ratio": -13.100891419852868, "ev_to_ebitda": -7.397462400533407}