{"roic": 0.09316769964492616, "roe": 0.1698147968046657, "fcf_yield": 0.008167191701181369, "revenue_growth": 0.1404815425959516, "debt_to_equity": 1.3668434010401627, "operating_margin": 0.08383087864650521, "gross_margin": 0.4954639071565826, "pe_ratio": 37.493244803695156, "ev_to_ebitda": 18.870828369967697}