{"roic": -0.02557441924888203, "roe": 0.0011078120780524056, "fcf_yield": 0.013680216410195864, "revenue_growth": 0.020946142039806114, "debt_to_equity": 1.635561160151324, "operating_margin": -0.04491570659668164, "gross_margin": 0.24279530492415818, "pe_ratio": 847.8191321446385, "ev_to_ebitda": 43.27054032539802}