{"roic": 0.0552423900789177, "roe": -0.13138530446838007, "fcf_yield": -0.011619430094664195, "revenue_growth": 0.013086370042279041, "debt_to_equity": 2.8866031108881085, "operating_margin": 0.1176598995852434, "gross_margin": 0.33944553590919013, "pe_ratio": -8.243425324675325, "ev_to_ebitda": -313.1591450833333}