{"roic": 0.07573718167155093, "roe": 0.1107978105821861, "fcf_yield": 0.09090810078192903, "revenue_growth": -0.025349198137609934, "debt_to_equity": 0.2802056555269923, "operating_margin": 0.07866948257655755, "gross_margin": 0.13384371700105596, "pe_ratio": 17.98823353293413, "ev_to_ebitda": 6.464362447619048}