{"roic": 0.023179386835009516, "roe": 0.05166743040708668, "fcf_yield": 0.01935707933877906, "revenue_growth": 0.16454911813307255, "debt_to_equity": 0.2770838032934807, "operating_margin": 0.03997697812559953, "gross_margin": 0.7442255274941268, "pe_ratio": 108.94308451386367, "ev_to_ebitda": 60.87691953984325}