{"roic": 0.03352367681888446, "roe": 0.053260973391587314, "fcf_yield": 0.04775817552060337, "revenue_growth": 0.1601318186304861, "debt_to_equity": 0.030280029566821628, "operating_margin": 0.08995929574877452, "gross_margin": 0.706260333175415, "pe_ratio": 39.48582428571429, "ev_to_ebitda": 27.802557899030617}