{"roic": 0.027953608857455, "roe": 0.04127675692288134, "fcf_yield": 0.017561202523254132, "revenue_growth": -0.07389784762603147, "debt_to_equity": 0.2911839405358952, "operating_margin": 0.05375180266568718, "gross_margin": 0.39953544665464386, "pe_ratio": 84.1982127719695, "ev_to_ebitda": 42.494480410131054}