{"roic": -0.46268620496928115, "roe": -0.5972361271893782, "fcf_yield": -0.09576167495866467, "revenue_growth": 0.0, "debt_to_equity": 0.12787975934665627, "operating_margin": 0.0, "gross_margin": 0.0, "pe_ratio": -7.546452122891044, "ev_to_ebitda": -7.8284919708588685}