{"roic": 0.008939129719867524, "roe": 0.029677217590755263, "fcf_yield": 0.03500367466560945, "revenue_growth": 0.12248191296627353, "debt_to_equity": 1.3889232195272672, "operating_margin": 0.008792909021917471, "gross_margin": 0.6341703587709969, "pe_ratio": 320.2384204687283, "ev_to_ebitda": 31.623078855208945}