{"roic": -0.21614342392071384, "roe": -1.1451900147906668, "fcf_yield": -0.00041215036559444113, "revenue_growth": 0.28642893107839945, "debt_to_equity": 0.0, "operating_margin": -0.11144193530129931, "gross_margin": 0.31636427583864946, "pe_ratio": -0.8115933472152667, "ev_to_ebitda": -25.0934970615463}