{"roic": -0.509378475978607, "roe": -0.49313627938463095, "fcf_yield": -0.24298907178386692, "revenue_growth": -0.07612694562361026, "debt_to_equity": 0.24423345302871122, "operating_margin": -6.826827702899819, "gross_margin": 0.9996207480016337, "pe_ratio": -3.1789104014502714, "ev_to_ebitda": -3.466769589938622}