{"roic": 0.12415044874945053, "roe": 0.000914703864623828, "fcf_yield": 0.08409629748799786, "revenue_growth": -0.5407294688287603, "debt_to_equity": 0.01436500163238655, "operating_margin": 0.15374241402562375, "gross_margin": 0.3886016832746435, "pe_ratio": 4477.7266666666665, "ev_to_ebitda": 0.2889933292231813}