{"roic": 0.15750157201408535, "roe": 0.2069438687938031, "fcf_yield": -0.07593397793207315, "revenue_growth": 0.2525733662979316, "debt_to_equity": 0.1522832090189603, "operating_margin": 0.11636539363007674, "gross_margin": 0.3761725683526369, "pe_ratio": 9.538699577562536, "ev_to_ebitda": 5.699906272826068}