{"roic": -1.000161381264233, "roe": -0.7131011107881954, "fcf_yield": -0.09788547217979574, "revenue_growth": 0.0, "debt_to_equity": 0.0, "operating_margin": 0.0, "gross_margin": 0.0, "pe_ratio": -7.340214042999142, "ev_to_ebitda": -6.693682170388145}