{"roic": -0.11120385230769489, "roe": -0.2504942597754098, "fcf_yield": -0.1306869594382733, "revenue_growth": 0.15424469413233458, "debt_to_equity": 1.2165146460961118, "operating_margin": -0.6193523576033987, "gross_margin": 0.1282305505981889, "pe_ratio": -14.823638630335642, "ev_to_ebitda": -17.840665019466908}