{"roic": -0.4381024141776425, "roe": -0.5844491101293555, "fcf_yield": -0.24316509610356885, "revenue_growth": 233.59933774834437, "debt_to_equity": 0.0701956749616086, "operating_margin": -5.129147906110178, "gross_margin": 0.9954833519174583, "pe_ratio": -3.321826334715894, "ev_to_ebitda": -2.922194144759865}