{"roic": 0.015883494532002742, "roe": 0.06359755910216303, "fcf_yield": 0.032759685580760735, "revenue_growth": 0.06404155322900758, "debt_to_equity": 1.2052655483477985, "operating_margin": 0.1468911204346929, "gross_margin": 0.0262707201320586, "pe_ratio": 24.670668705686086, "ev_to_ebitda": 12.92269920014528}