{"roic": -0.1478257726441645, "roe": -0.2609853475326282, "fcf_yield": 0.03840745221860065, "revenue_growth": 0.13174153734458663, "debt_to_equity": 1.127200322813238, "operating_margin": -0.2229948427453861, "gross_margin": 0.7810991540890744, "pe_ratio": -23.531451485869855, "ev_to_ebitda": -27.010357518723286}