{"roic": 0.11585110247578698, "roe": 0.4055038451978617, "fcf_yield": 0.06035711199748694, "revenue_growth": 0.11359327211908003, "debt_to_equity": 0.1304819770617149, "operating_margin": 0.243508440074805, "gross_margin": 0.969034163739596, "pe_ratio": 17.15761558335102, "ev_to_ebitda": 5.9450714842451085}