{"roic": 0.06472809010927921, "roe": 0.22704587155963302, "fcf_yield": 0.07405206028828866, "revenue_growth": 0.051911556982343496, "debt_to_equity": 3.324766355140187, "operating_margin": 0.04134545372427982, "gross_margin": 0.36375744529436643, "pe_ratio": 27.943864927702005, "ev_to_ebitda": 14.218567807846973}