{"roic": 0.05112674451817453, "roe": 0.022436051929230445, "fcf_yield": 0.0015802098554449655, "revenue_growth": 0.029758399899271572, "debt_to_equity": 0.23825486096824594, "operating_margin": 0.10707334067564227, "gross_margin": 0.11879706007956665, "pe_ratio": 158.36652995560624, "ev_to_ebitda": 29.836900468330132}