{"roic": -0.005652602094795271, "roe": -0.004327549931472532, "fcf_yield": -0.022102622940060164, "revenue_growth": 0.04475135544921734, "debt_to_equity": 0.5598104270849644, "operating_margin": 0.018529524464915504, "gross_margin": 0.19383307136284605, "pe_ratio": -447.1825194920918, "ev_to_ebitda": 16.199485510657595}