{"roic": 0.017328073396129406, "roe": -0.05440159790218009, "fcf_yield": 0.06878109297761713, "revenue_growth": -0.025297773912795547, "debt_to_equity": 1.6284143965720685, "operating_margin": 0.018644681587078327, "gross_margin": 0.2606085143677515, "pe_ratio": -26.994643173291742, "ev_to_ebitda": 14.925013040169134}