{"roic": 0.01465890417399186, "roe": 0.03860355529321299, "fcf_yield": 0.09511813284586815, "revenue_growth": 0.1321953073992347, "debt_to_equity": 0.20546084087987454, "operating_margin": 0.06251688017810869, "gross_margin": 0.18865287054272054, "pe_ratio": 27.954169836610358, "ev_to_ebitda": 5.214431184205254}