{"roic": 0.056632001825711875, "roe": 0.28566700099304865, "fcf_yield": 0.01392177618810855, "revenue_growth": 0.05639283508338481, "debt_to_equity": 7.856957087126138, "operating_margin": 0.17738081693025373, "gross_margin": 0.38576629878256913, "pe_ratio": 48.25373061119664, "ev_to_ebitda": 16.595171312563842}