{"roic": 0.062486883333673096, "roe": 0.07302845579913377, "fcf_yield": 0.08028801036082951, "revenue_growth": 0.036528768635090594, "debt_to_equity": 1.078504678067112, "operating_margin": 0.04336347147055449, "gross_margin": 0.0833434894971873, "pe_ratio": 27.449303561798615, "ev_to_ebitda": 9.889577838610661}