{"roic": -0.03307893685938679, "roe": 0.054445664105378704, "fcf_yield": -0.460235138734731, "revenue_growth": -0.0491861288039632, "debt_to_equity": 1.3887445887445888, "operating_margin": 0.026423520655005583, "gross_margin": 0.23669519910681058, "pe_ratio": 16.073129032258066, "ev_to_ebitda": 8.325665809859155}