{"roic": 0.03980281991003966, "roe": 0.08364743435127095, "fcf_yield": 0.08003378926215146, "revenue_growth": -0.015800171144673088, "debt_to_equity": 1.0447005534194507, "operating_margin": 0.23407828707673495, "gross_margin": 0.5436049393436158, "pe_ratio": 10.60981941052665, "ev_to_ebitda": 16.632373546855312}