{"roic": 0.03397313872350659, "roe": 0.03549197860962567, "fcf_yield": 0.07315079213335583, "revenue_growth": 0.16504601244874406, "debt_to_equity": 0.007783741610661552, "operating_margin": 0.24332226465073134, "gross_margin": 0.6522105234037366, "pe_ratio": 31.842397304980853, "ev_to_ebitda": 9.354714919158475}