{"roic": 0.021746289388257418, "roe": -0.004967186951308266, "fcf_yield": -0.08504440454141327, "revenue_growth": -0.20630991718063804, "debt_to_equity": 0.020829943583494104, "operating_margin": 0.1501447047205515, "gross_margin": 0.27065015326713004, "pe_ratio": -283.5053979501874, "ev_to_ebitda": 7.5717613552144}