{"roic": -0.04458046319766645, "roe": -0.2455546036165678, "fcf_yield": 0.0020175658753137054, "revenue_growth": 0.025381949130797832, "debt_to_equity": 0.020224665342961523, "operating_margin": -0.043258684968955775, "gross_margin": 0.23300776376739796, "pe_ratio": -4.9957956827180405, "ev_to_ebitda": -108.00841476320663}