{"roic": 0.052302967333918225, "roe": 1.405781951573654, "fcf_yield": 0.19011972364402094, "revenue_growth": -0.030982082286516045, "debt_to_equity": 35.31189354506189, "operating_margin": 0.1558842404144259, "gross_margin": 0.2716534723144154, "pe_ratio": 7.721268245343025, "ev_to_ebitda": 10.47229957678131}