{"roic": 0.02298809961089595, "roe": -0.006191496038396965, "fcf_yield": -0.031834700123300495, "revenue_growth": -0.01843473394014635, "debt_to_equity": 0.7698079619960361, "operating_margin": 0.021397365977051618, "gross_margin": 0.0841175788663359, "pe_ratio": -251.38258087119, "ev_to_ebitda": 9.832989905172656}