{"roic": -0.06588105116169918, "roe": -0.3030574643125501, "fcf_yield": -0.18876224858039878, "revenue_growth": 0.3975733667479306, "debt_to_equity": 0.7422644357317724, "operating_margin": -0.05283728863738822, "gross_margin": 0.10315639319333329, "pe_ratio": -6.317686992094643, "ev_to_ebitda": 12.72539252182176}