{"roic": 0.035576708559530004, "roe": 0.03389485262664738, "fcf_yield": 0.13899469709818185, "revenue_growth": -0.05895409450142929, "debt_to_equity": 0.38717512752003885, "operating_margin": 0.02606008583690987, "gross_margin": 0.13040343347639485, "pe_ratio": 21.70586538461539, "ev_to_ebitda": 10.976750205423171}