{"roic": -0.02656597468977964, "roe": -0.07408425537763727, "fcf_yield": 0.007447927153043382, "revenue_growth": 0.3997020788999836, "debt_to_equity": 0.49303982711514627, "operating_margin": -0.02937977588009515, "gross_margin": 0.6849152942772472, "pe_ratio": -83.63767213453212, "ev_to_ebitda": 296.0827355870812}