{"roic": 0.11268256312536151, "roe": 0.14211918213883745, "fcf_yield": 0.05711190984710181, "revenue_growth": -0.044930404473656725, "debt_to_equity": 0.03078058366425036, "operating_margin": 0.23214936087358243, "gross_margin": 0.5461280328733303, "pe_ratio": 22.727351669136336, "ev_to_ebitda": 10.309957010410148}