{"roic": 0.04898852702070708, "roe": 0.1272254450890178, "fcf_yield": 0.025237996647010895, "revenue_growth": -0.06515717210646754, "debt_to_equity": 2.8826118855465883, "operating_margin": 0.04663145691098802, "gross_margin": 0.15219631585727167, "pe_ratio": 9.94422327044025, "ev_to_ebitda": 9.051209071846284}