{"roic": 0.25915460928466416, "roe": -0.15302740799603903, "fcf_yield": 0.03015880988035894, "revenue_growth": 0.11352701391962698, "debt_to_equity": -0.07580095398737693, "operating_margin": 0.28034599793652853, "gross_margin": 0.8257606936872431, "pe_ratio": 39.47857718708662, "ev_to_ebitda": 19.18612265453153}