{"roic": -0.05117634078491853, "roe": 0.5669623996620194, "fcf_yield": 0.04431852848401799, "revenue_growth": 0.19749824010396924, "debt_to_equity": -148.6055923473142, "operating_margin": -0.047979352633149744, "gross_margin": 0.7847197728156569, "pe_ratio": -118.235879825748, "ev_to_ebitda": -356.1726390850323}