{"roic": 0.08635330195374577, "roe": -0.3962722710821254, "fcf_yield": 0.04878805688486245, "revenue_growth": -0.12693984471785366, "debt_to_equity": 0.6635374262690039, "operating_margin": 0.007295146790619603, "gross_margin": 0.014977646481275251, "pe_ratio": -2.4727673843981646, "ev_to_ebitda": -4.311488486916467}