{"roic": 0.11295068209961827, "roe": 0.19122170941445923, "fcf_yield": 0.06458615049841274, "revenue_growth": 0.20458538206214938, "debt_to_equity": 0.22726184267068175, "operating_margin": 0.06477422118928564, "gross_margin": 0.3751467239476958, "pe_ratio": 20.62859181460129, "ev_to_ebitda": 17.04193018563358}