{"roic": -0.02917146164306742, "roe": -0.09904169945028689, "fcf_yield": 0.07006781860328468, "revenue_growth": 0.18174636322723314, "debt_to_equity": 0.016907737083305542, "operating_margin": -0.29282577264303994, "gross_margin": 0.37517496045995424, "pe_ratio": -29.28044042183227, "ev_to_ebitda": -12.077566530244782}