{"roic": 0.1283480635062584, "roe": 0.20751696646097084, "fcf_yield": 0.08761853663990865, "revenue_growth": -0.10431359107137422, "debt_to_equity": 1.196565218840628, "operating_margin": 0.16264452484073993, "gross_margin": 0.7097361961648334, "pe_ratio": 13.852981932198778, "ev_to_ebitda": 7.11166649140836}