{"roic": -0.3463476825292744, "roe": 10.17748036077975, "fcf_yield": -0.5982966678236427, "revenue_growth": -0.061446977205153616, "debt_to_equity": 3.2931144405482944, "operating_margin": -1.4656947973786278, "gross_margin": -0.2723017252908921, "pe_ratio": -1.0990011278902232, "ev_to_ebitda": -2.4300441458938677}