{"roic": 0.023916953358873595, "roe": 0.007938212234224543, "fcf_yield": 0.3489973166208812, "revenue_growth": -0.025340629926254753, "debt_to_equity": 2.4568539167569963, "operating_margin": 0.020201906678339408, "gross_margin": 0.3866618736629759, "pe_ratio": 89.34035737921907, "ev_to_ebitda": 10.677002445811548}