{"roic": -0.004778486382011018, "roe": 0.004517876377852495, "fcf_yield": 0.015442397258190061, "revenue_growth": 0.13041364423095622, "debt_to_equity": 0.634019525195116, "operating_margin": -0.006119932790843039, "gross_margin": 0.5397113217609717, "pe_ratio": 1732.6455575868372, "ev_to_ebitda": 56.85004312249407}