{"roic": 0.011759604243708968, "roe": 0.07999192930308933, "fcf_yield": 0.12040428865127989, "revenue_growth": 0.5141192796576632, "debt_to_equity": 0.34337646857668436, "operating_margin": 0.26749539625374086, "gross_margin": 0.6833232648833464, "pe_ratio": 10.33747898251817, "ev_to_ebitda": 10.506341539165685}