{"roic": 0.013942560506520246, "roe": 0.11335785412126013, "fcf_yield": 0.05672003887231953, "revenue_growth": -0.030514575589052604, "debt_to_equity": 0.11435162549128772, "operating_margin": 0.29975402928864825, "gross_margin": 0.7702599189083708, "pe_ratio": 12.408173778902295, "ev_to_ebitda": 3.7838404560211614}