{"roic": 0.07120863859013704, "roe": 0.1437984530179622, "fcf_yield": 0.06366226707598278, "revenue_growth": 0.15433782908656488, "debt_to_equity": 2.531868266044655, "operating_margin": 0.3692916144630472, "gross_margin": 0.7027869853854324, "pe_ratio": 37.37218483698044, "ev_to_ebitda": 22.722172613786604}