{"roic": -0.07233426394478798, "roe": 1.0761838510029476, "fcf_yield": 0.07282262535075305, "revenue_growth": -0.04530890357365196, "debt_to_equity": -1.7562427409988386, "operating_margin": -0.10529810833123945, "gross_margin": 0.21249067526552362, "pe_ratio": -4.094634284495742, "ev_to_ebitda": 12.205930832876955}