{"roic": 0.021236343298285457, "roe": 0.026478424444540096, "fcf_yield": -0.04776347262898534, "revenue_growth": -0.03080488266790627, "debt_to_equity": 0.43783018212150704, "operating_margin": 0.021367910049000103, "gross_margin": 0.17395036323741744, "pe_ratio": 79.36894309381333, "ev_to_ebitda": 8.85817173660728}