{"roic": 0.15201446410735148, "roe": 0.4794822288091806, "fcf_yield": 0.11513357286964103, "revenue_growth": -0.040050359883127065, "debt_to_equity": 0.0, "operating_margin": 0.17648366852794387, "gross_margin": 0.3402431190393833, "pe_ratio": 6.5773774954627955, "ev_to_ebitda": 2.2296412641594925}