{"roic": 0.09617748664976451, "roe": 0.2662405335927187, "fcf_yield": 0.08833482577074407, "revenue_growth": 0.06797720797720798, "debt_to_equity": 1.8676470588235294, "operating_margin": 0.0801365843248146, "gross_margin": 0.4730832844261858, "pe_ratio": 14.779342379958244, "ev_to_ebitda": 10.967984039777935}