{"roic": -0.008847582517137978, "roe": -0.02027264603710324, "fcf_yield": 0.01258081058870104, "revenue_growth": -0.9870381005472443, "debt_to_equity": 0.04849279129694308, "operating_margin": -0.08778591706474206, "gross_margin": 0.0033869668877199322, "pe_ratio": -84.59807821198402, "ev_to_ebitda": 20768.10468643361}