{"roic": -0.14746581701532357, "roe": -0.925552679695106, "fcf_yield": -0.4370621703821162, "revenue_growth": 0.0, "debt_to_equity": 0.027581744354474864, "operating_margin": -1.5609360391574547, "gross_margin": -0.47910135841170326, "pe_ratio": -1.5638877320679976, "ev_to_ebitda": -1.0385466386430242}