{"roic": 0.08885557756482323, "roe": -0.05326410922026728, "fcf_yield": 0.03488795130347902, "revenue_growth": 0.43716452454818533, "debt_to_equity": 2.758638322740887, "operating_margin": 0.08530555603145505, "gross_margin": 0.8169850434305882, "pe_ratio": 1881.2970154512636, "ev_to_ebitda": 28.823127301795758}