{"roic": 0.7056150566439122, "roe": 0.05763414219374526, "fcf_yield": 0.06311487986746579, "revenue_growth": 0.03797037092643547, "debt_to_equity": 1.2021470478967622, "operating_margin": 0.1048672741734648, "gross_margin": -0.03646238966396646, "pe_ratio": 22.89754851800101, "ev_to_ebitda": 11.399535959660652}