{"roic": -0.008322624714518017, "roe": -0.008532153578764417, "fcf_yield": -0.5246526406029728, "revenue_growth": -0.03414634146341464, "debt_to_equity": 1.9442006269592476, "operating_margin": -0.15767284991568298, "gross_margin": 0.3372681281618887, "pe_ratio": -37.28666666666666, "ev_to_ebitda": 10.327901064462809}