{"roic": -0.07378767319822778, "roe": -0.219000805058748, "fcf_yield": -0.00892964131958151, "revenue_growth": 0.25865169404376304, "debt_to_equity": 1.267277694928538, "operating_margin": -0.06628888005347851, "gross_margin": 0.39143732222984395, "pe_ratio": -44.16258690936179, "ev_to_ebitda": -81.22902140680064}