{"roic": -0.21486276778862098, "roe": -0.1458442411491999, "fcf_yield": -0.1485676666973608, "revenue_growth": 0.1365063850198655, "debt_to_equity": 0.29539150423152144, "operating_margin": -1.4135025801108492, "gross_margin": 0.9369067337707843, "pe_ratio": -10.24871805750465, "ev_to_ebitda": -22.55246077891257}