{"roic": 0.03601577219463997, "roe": 0.0340546204195618, "fcf_yield": 0.04764582929518059, "revenue_growth": -0.061715831719019475, "debt_to_equity": 0.14641394464459498, "operating_margin": 0.07207165724490462, "gross_margin": 0.12769375799190466, "pe_ratio": 39.63381019386294, "ev_to_ebitda": 7.103826575022376}