{"roic": 0.05668016194331984, "roe": -0.3523865645256335, "fcf_yield": 0.04396003712900242, "revenue_growth": -0.029791721592407065, "debt_to_equity": 1.8417910447761194, "operating_margin": 0.06847826086956521, "gross_margin": 0.5, "pe_ratio": -3.9419331103678927, "ev_to_ebitda": -100.17300180000001}