{"roic": 0.1658746835934124, "roe": 0.19955955725464436, "fcf_yield": 0.20018846546065397, "revenue_growth": 0.03745651755161239, "debt_to_equity": 0.05954544687220406, "operating_margin": 0.12595677000317415, "gross_margin": 0.9026618565075377, "pe_ratio": 12.117158653846152, "ev_to_ebitda": 5.718437904603042}