{"roic": 0.16262199546916134, "roe": 0.22657103539731477, "fcf_yield": 0.06943465715744189, "revenue_growth": 0.02110583630667265, "debt_to_equity": 0.35133081952893847, "operating_margin": 0.11429365039438179, "gross_margin": 0.5740901496071168, "pe_ratio": 18.736167897114044, "ev_to_ebitda": 12.198602310133444}