{"roic": 0.12237070096155024, "roe": 0.24868217359684935, "fcf_yield": 0.10511927309302661, "revenue_growth": 0.06086607420710429, "debt_to_equity": 1.119451013354577, "operating_margin": 0.09975390692352305, "gross_margin": 0.7445737484297291, "pe_ratio": 13.312505858836579, "ev_to_ebitda": 6.3168971298123795}