{"roic": -0.016918117303697324, "roe": -0.10635854388840474, "fcf_yield": 0.006294087211568242, "revenue_growth": 0.5232969538241872, "debt_to_equity": 0.1732379500642472, "operating_margin": -0.1200406693962793, "gross_margin": 0.20181913110384436, "pe_ratio": -75.88524401610833, "ev_to_ebitda": -347.82742207792205}