{"roic": -0.6716414927250824, "roe": -1.5697916396108114, "fcf_yield": -0.19941438069266612, "revenue_growth": 1.0, "debt_to_equity": 0.33022499008854234, "operating_margin": -21.6385, "gross_margin": -3.8037, "pe_ratio": -2.3829410964771784, "ev_to_ebitda": -3.9377537223187966}