{"roic": 0.04528657851548542, "roe": 0.026247597868664457, "fcf_yield": 0.16503577568230046, "revenue_growth": 0.03537163762549155, "debt_to_equity": 0.5085091883723251, "operating_margin": 0.13166141608579532, "gross_margin": 0.7780713141886957, "pe_ratio": 38.066323930396585, "ev_to_ebitda": 5.950717715894593}