{"roic": 0.005536584821126329, "roe": -0.030394673975249527, "fcf_yield": 0.04395329803408745, "revenue_growth": 0.2972038888237084, "debt_to_equity": 0.24832760628177095, "operating_margin": 0.005507628329758805, "gross_margin": 0.6378386317803798, "pe_ratio": -178.67509091380205, "ev_to_ebitda": 61.64949493641236}