{"roic": -0.24581161090514406, "roe": 0.7463229294318734, "fcf_yield": -0.004087110822132573, "revenue_growth": 3.5091478909029306, "debt_to_equity": 0.40868502557271896, "operating_margin": -0.5911806142575373, "gross_margin": 0.8422372499295576, "pe_ratio": 6.692197089476024, "ev_to_ebitda": 6.038821546160938}